video_id,label,frames_dir,num_frames_extracted
Celeb-synthesis_id1_id2_0002,1,deepfake_detector/data/frames\train\fake\Celeb-synthesis_id1_id2_0002,60
Youtube-real_00062,0,deepfake_detector/data/frames\train\real\Youtube-real_00062,60
Celeb-synthesis_id1_id3_0000,1,deepfake_detector/data/frames\train\fake\Celeb-synthesis_id1_id3_0000,60
Celeb-synthesis_id3_id6_0006,1,deepfake_detector/data/frames\train\fake\Celeb-synthesis_id3_id6_0006,60
Celeb-synthesis_id8_id3_0002,1,deepfake_detector/data/frames\train\fake\Celeb-synthesis_id8_id3_0002,60
Celeb-synthesis_id1_id17_0007,1,deepfake_detector/data/frames\train\fake\Celeb-synthesis_id1_id17_0007,60
Celeb-synthesis_id9_id1_0006,1,deepfake_detector/data/frames\train\fake\Celeb-synthesis_id9_id1_0006,60
Celeb-synthesis_id9_id4_0007,1,deepfake_detector/data/frames\train\fake\Celeb-synthesis_id9_id4_0007,60
Celeb-synthesis_id16_id1_0010,1,deepfake_detector/data/frames\train\fake\Celeb-synthesis_id16_id1_0010,60
Celeb-synthesis_id9_id16_0003,1,deepfake_detector/data/frames\train\fake\Celeb-synthesis_id9_id16_0003,60
Celeb-synthesis_id16_id3_0003,1,deepfake_detector/data/frames\train\fake\Celeb-synthesis_id16_id3_0003,60
Youtube-real_00025,0,deepfake_detector/data/frames\train\real\Youtube-real_00025,60
Celeb-synthesis_id0_id6_0000,1,deepfake_detector/data/frames\train\fake\Celeb-synthesis_id0_id6_0000,60
Celeb-synthesis_id2_id0_0008,1,deepfake_detector/data/frames\train\fake\Celeb-synthesis_id2_id0_0008,60
Celeb-real_id10_0009,0,deepfake_detector/data/frames\train\real\Celeb-real_id10_0009,60
Youtube-real_00027,0,deepfake_detector/data/frames\train\real\Youtube-real_00027,60
Celeb-synthesis_id12_id10_0001,1,deepfake_detector/data/frames\train\fake\Celeb-synthesis_id12_id10_0001,60
Youtube-real_00001,0,deepfake_detector/data/frames\train\real\Youtube-real_00001,60
Celeb-real_id10_0005,0,deepfake_detector/data/frames\train\real\Celeb-real_id10_0005,60
Celeb-synthesis_id4_id2_0004,1,deepfake_detector/data/frames\train\fake\Celeb-synthesis_id4_id2_0004,60
Youtube-real_00246,0,deepfake_detector/data/frames\train\real\Youtube-real_00246,60
Celeb-synthesis_id10_id7_0002,1,deepfake_detector/data/frames\train\fake\Celeb-synthesis_id10_id7_0002,60
Youtube-real_00216,0,deepfake_detector/data/frames\train\real\Youtube-real_00216,60
Celeb-synthesis_id8_id0_0007,1,deepfake_detector/data/frames\train\fake\Celeb-synthesis_id8_id0_0007,60
Celeb-synthesis_id17_id0_0000,1,deepfake_detector/data/frames\train\fake\Celeb-synthesis_id17_id0_0000,60
Youtube-real_00005,0,deepfake_detector/data/frames\train\real\Youtube-real_00005,60
Celeb-synthesis_id0_id6_0007,1,deepfake_detector/data/frames\train\fake\Celeb-synthesis_id0_id6_0007,60
Celeb-synthesis_id9_id1_0001,1,deepfake_detector/data/frames\train\fake\Celeb-synthesis_id9_id1_0001,60
Celeb-synthesis_id0_id2_0000,1,deepfake_detector/data/frames\train\fake\Celeb-synthesis_id0_id2_0000,60
Celeb-synthesis_id16_id3_0009,1,deepfake_detector/data/frames\train\fake\Celeb-synthesis_id16_id3_0009,60
Youtube-real_00021,0,deepfake_detector/data/frames\train\real\Youtube-real_00021,60
Youtube-real_00097,0,deepfake_detector/data/frames\train\real\Youtube-real_00097,60
Celeb-synthesis_id4_id1_0005,1,deepfake_detector/data/frames\train\fake\Celeb-synthesis_id4_id1_0005,60
Celeb-synthesis_id7_id13_0007,1,deepfake_detector/data/frames\train\fake\Celeb-synthesis_id7_id13_0007,60
Youtube-real_00065,0,deepfake_detector/data/frames\train\real\Youtube-real_00065,60
Celeb-synthesis_id6_id0_0008,1,deepfake_detector/data/frames\train\fake\Celeb-synthesis_id6_id0_0008,60
Celeb-synthesis_id6_id17_0006,1,deepfake_detector/data/frames\train\fake\Celeb-synthesis_id6_id17_0006,59
Celeb-synthesis_id3_id2_0007,1,deepfake_detector/data/frames\train\fake\Celeb-synthesis_id3_id2_0007,60
Celeb-synthesis_id4_id1_0003,1,deepfake_detector/data/frames\train\fake\Celeb-synthesis_id4_id1_0003,60
Youtube-real_00126,0,deepfake_detector/data/frames\train\real\Youtube-real_00126,60
Celeb-synthesis_id9_id3_0001,1,deepfake_detector/data/frames\train\fake\Celeb-synthesis_id9_id3_0001,60
Celeb-synthesis_id9_id17_0001,1,deepfake_detector/data/frames\train\fake\Celeb-synthesis_id9_id17_0001,60
Celeb-synthesis_id0_id4_0001,1,deepfake_detector/data/frames\train\fake\Celeb-synthesis_id0_id4_0001,60
Celeb-synthesis_id16_id17_0004,1,deepfake_detector/data/frames\train\fake\Celeb-synthesis_id16_id17_0004,60
Celeb-real_id16_0010,0,deepfake_detector/data/frames\train\real\Celeb-real_id16_0010,60
Celeb-synthesis_id10_id12_0004,1,deepfake_detector/data/frames\train\fake\Celeb-synthesis_id10_id12_0004,60
Celeb-synthesis_id4_id0_0008,1,deepfake_detector/data/frames\train\fake\Celeb-synthesis_id4_id0_0008,60
Youtube-real_00053,0,deepfake_detector/data/frames\train\real\Youtube-real_00053,60
Celeb-synthesis_id11_id7_0000,1,deepfake_detector/data/frames\train\fake\Celeb-synthesis_id11_id7_0000,60
Youtube-real_00022,0,deepfake_detector/data/frames\train\real\Youtube-real_00022,60
Celeb-real_id17_0009,0,deepfake_detector/data/frames\train\real\Celeb-real_id17_0009,60
Celeb-synthesis_id8_id9_0008,1,deepfake_detector/data/frames\train\fake\Celeb-synthesis_id8_id9_0008,60
Celeb-real_id9_0002,0,deepfake_detector/data/frames\train\real\Celeb-real_id9_0002,60
Celeb-synthesis_id17_id1_0007,1,deepfake_detector/data/frames\train\fake\Celeb-synthesis_id17_id1_0007,55
Celeb-synthesis_id13_id10_0001,1,deepfake_detector/data/frames\train\fake\Celeb-synthesis_id13_id10_0001,60
Youtube-real_00107,0,deepfake_detector/data/frames\train\real\Youtube-real_00107,60
Celeb-synthesis_id0_id16_0004,1,deepfake_detector/data/frames\train\fake\Celeb-synthesis_id0_id16_0004,60
Celeb-synthesis_id16_id0_0010,1,deepfake_detector/data/frames\train\fake\Celeb-synthesis_id16_id0_0010,60
Celeb-real_id17_0000,0,deepfake_detector/data/frames\train\real\Celeb-real_id17_0000,60
Celeb-synthesis_id17_id0_0002,1,deepfake_detector/data/frames\train\fake\Celeb-synthesis_id17_id0_0002,60
Youtube-real_00139,0,deepfake_detector/data/frames\train\real\Youtube-real_00139,60
Celeb-synthesis_id4_id0_0003,1,deepfake_detector/data/frames\train\fake\Celeb-synthesis_id4_id0_0003,60
Celeb-synthesis_id16_id9_0006,1,deepfake_detector/data/frames\train\fake\Celeb-synthesis_id16_id9_0006,45
Celeb-synthesis_id7_id13_0001,1,deepfake_detector/data/frames\train\fake\Celeb-synthesis_id7_id13_0001,59
Celeb-synthesis_id3_id1_0007,1,deepfake_detector/data/frames\train\fake\Celeb-synthesis_id3_id1_0007,60
Youtube-real_00167,0,deepfake_detector/data/frames\train\real\Youtube-real_00167,60
Celeb-synthesis_id2_id1_0007,1,deepfake_detector/data/frames\train\fake\Celeb-synthesis_id2_id1_0007,60
Celeb-synthesis_id16_id2_0009,1,deepfake_detector/data/frames\train\fake\Celeb-synthesis_id16_id2_0009,60
Celeb-synthesis_id9_id16_0001,1,deepfake_detector/data/frames\train\fake\Celeb-synthesis_id9_id16_0001,60
Celeb-synthesis_id8_id2_0007,1,deepfake_detector/data/frames\train\fake\Celeb-synthesis_id8_id2_0007,60
Celeb-synthesis_id9_id4_0000,1,deepfake_detector/data/frames\train\fake\Celeb-synthesis_id9_id4_0000,60
Celeb-synthesis_id16_id1_0012,1,deepfake_detector/data/frames\train\fake\Celeb-synthesis_id16_id1_0012,60
Youtube-real_00130,0,deepfake_detector/data/frames\train\real\Youtube-real_00130,60
Youtube-real_00120,0,deepfake_detector/data/frames\train\real\Youtube-real_00120,60
Celeb-synthesis_id1_id16_0001,1,deepfake_detector/data/frames\train\fake\Celeb-synthesis_id1_id16_0001,55
Youtube-real_00064,0,deepfake_detector/data/frames\train\real\Youtube-real_00064,60
Celeb-synthesis_id10_id13_0008,1,deepfake_detector/data/frames\train\fake\Celeb-synthesis_id10_id13_0008,60
Celeb-synthesis_id1_id17_0000,1,deepfake_detector/data/frames\train\fake\Celeb-synthesis_id1_id17_0000,60
Celeb-synthesis_id1_id3_0007,1,deepfake_detector/data/frames\train\fake\Celeb-synthesis_id1_id3_0007,60
Youtube-real_00088,0,deepfake_detector/data/frames\train\real\Youtube-real_00088,60
Youtube-real_00103,0,deepfake_detector/data/frames\train\real\Youtube-real_00103,60
Youtube-real_00084,0,deepfake_detector/data/frames\train\real\Youtube-real_00084,60
Celeb-synthesis_id3_id16_0005,1,deepfake_detector/data/frames\train\fake\Celeb-synthesis_id3_id16_0005,60
Celeb-synthesis_id16_id9_0011,1,deepfake_detector/data/frames\train\fake\Celeb-synthesis_id16_id9_0011,55
Celeb-real_id4_0009,0,deepfake_detector/data/frames\train\real\Celeb-real_id4_0009,60
Youtube-real_00177,0,deepfake_detector/data/frames\train\real\Youtube-real_00177,60
Celeb-synthesis_id12_id7_0005,1,deepfake_detector/data/frames\train\fake\Celeb-synthesis_id12_id7_0005,60
Celeb-synthesis_id6_id9_0007,1,deepfake_detector/data/frames\train\fake\Celeb-synthesis_id6_id9_0007,60
Youtube-real_00184,0,deepfake_detector/data/frames\train\real\Youtube-real_00184,60
Youtube-real_00067,0,deepfake_detector/data/frames\train\real\Youtube-real_00067,60
Celeb-synthesis_id11_id7_0009,1,deepfake_detector/data/frames\train\fake\Celeb-synthesis_id11_id7_0009,60
Celeb-synthesis_id16_id0_0000,1,deepfake_detector/data/frames\train\fake\Celeb-synthesis_id16_id0_0000,60
Celeb-synthesis_id7_id11_0000,1,deepfake_detector/data/frames\train\fake\Celeb-synthesis_id7_id11_0000,56
Celeb-synthesis_id2_id9_0002,1,deepfake_detector/data/frames\train\fake\Celeb-synthesis_id2_id9_0002,60
Youtube-real_00173,0,deepfake_detector/data/frames\train\real\Youtube-real_00173,60
Youtube-real_00128,0,deepfake_detector/data/frames\train\real\Youtube-real_00128,60
Youtube-real_00203,0,deepfake_detector/data/frames\train\real\Youtube-real_00203,60
Celeb-real_id13_0009,0,deepfake_detector/data/frames\train\real\Celeb-real_id13_0009,60
Youtube-real_00044,0,deepfake_detector/data/frames\train\real\Youtube-real_00044,60
Celeb-synthesis_id4_id6_0002,1,deepfake_detector/data/frames\train\fake\Celeb-synthesis_id4_id6_0002,60
Celeb-real_id0_0009,0,deepfake_detector/data/frames\train\real\Celeb-real_id0_0009,60
Celeb-real_id4_0002,0,deepfake_detector/data/frames\train\real\Celeb-real_id4_0002,60
Youtube-real_00096,0,deepfake_detector/data/frames\train\real\Youtube-real_00096,60
Celeb-synthesis_id9_id1_0004,1,deepfake_detector/data/frames\train\fake\Celeb-synthesis_id9_id1_0004,60
Celeb-synthesis_id8_id2_0002,1,deepfake_detector/data/frames\train\fake\Celeb-synthesis_id8_id2_0002,60
Celeb-real_id3_0006,0,deepfake_detector/data/frames\train\real\Celeb-real_id3_0006,60
Celeb-synthesis_id3_id17_0009,1,deepfake_detector/data/frames\train\fake\Celeb-synthesis_id3_id17_0009,60
Celeb-synthesis_id12_id7_0004,1,deepfake_detector/data/frames\train\fake\Celeb-synthesis_id12_id7_0004,60
Celeb-synthesis_id4_id1_0006,1,deepfake_detector/data/frames\train\fake\Celeb-synthesis_id4_id1_0006,60
Celeb-synthesis_id11_id7_0007,1,deepfake_detector/data/frames\train\fake\Celeb-synthesis_id11_id7_0007,60
Celeb-synthesis_id10_id12_0006,1,deepfake_detector/data/frames\train\fake\Celeb-synthesis_id10_id12_0006,20
Youtube-real_00127,0,deepfake_detector/data/frames\train\real\Youtube-real_00127,60
Celeb-real_id0_0004,0,deepfake_detector/data/frames\train\real\Celeb-real_id0_0004,60
Celeb-synthesis_id3_id17_0001,1,deepfake_detector/data/frames\train\fake\Celeb-synthesis_id3_id17_0001,60
Celeb-real_id17_0006,0,deepfake_detector/data/frames\train\real\Celeb-real_id17_0006,41
Celeb-real_id9_0009,0,deepfake_detector/data/frames\train\real\Celeb-real_id9_0009,60
Celeb-synthesis_id17_id1_0005,1,deepfake_detector/data/frames\train\fake\Celeb-synthesis_id17_id1_0005,60
Celeb-real_id11_0010,0,deepfake_detector/data/frames\train\real\Celeb-real_id11_0010,56
Youtube-real_00082,0,deepfake_detector/data/frames\train\real\Youtube-real_00082,60
Celeb-synthesis_id2_id6_0006,1,deepfake_detector/data/frames\train\fake\Celeb-synthesis_id2_id6_0006,60
Celeb-synthesis_id3_id0_0003,1,deepfake_detector/data/frames\train\fake\Celeb-synthesis_id3_id0_0003,60
Youtube-real_00242,0,deepfake_detector/data/frames\train\real\Youtube-real_00242,60
Celeb-synthesis_id1_id6_0007,1,deepfake_detector/data/frames\train\fake\Celeb-synthesis_id1_id6_0007,60
Celeb-real_id6_0009,0,deepfake_detector/data/frames\train\real\Celeb-real_id6_0009,60
Celeb-synthesis_id6_id1_0007,1,deepfake_detector/data/frames\train\fake\Celeb-synthesis_id6_id1_0007,60
Youtube-real_00171,0,deepfake_detector/data/frames\train\real\Youtube-real_00171,60
Celeb-synthesis_id9_id6_0005,1,deepfake_detector/data/frames\train\fake\Celeb-synthesis_id9_id6_0005,60
Youtube-real_00212,0,deepfake_detector/data/frames\train\real\Youtube-real_00212,60
Celeb-synthesis_id1_id9_0009,1,deepfake_detector/data/frames\train\fake\Celeb-synthesis_id1_id9_0009,60
Youtube-real_00124,0,deepfake_detector/data/frames\train\real\Youtube-real_00124,60
Celeb-synthesis_id1_id4_0002,1,deepfake_detector/data/frames\train\fake\Celeb-synthesis_id1_id4_0002,60
Celeb-synthesis_id1_id0_0005,1,deepfake_detector/data/frames\train\fake\Celeb-synthesis_id1_id0_0005,60
Celeb-synthesis_id9_id6_0006,1,deepfake_detector/data/frames\train\fake\Celeb-synthesis_id9_id6_0006,60
Youtube-real_00074,0,deepfake_detector/data/frames\train\real\Youtube-real_00074,60
Celeb-synthesis_id9_id2_0004,1,deepfake_detector/data/frames\train\fake\Celeb-synthesis_id9_id2_0004,60
Celeb-synthesis_id4_id3_0006,1,deepfake_detector/data/frames\train\fake\Celeb-synthesis_id4_id3_0006,60
Celeb-synthesis_id17_id16_0007,1,deepfake_detector/data/frames\train\fake\Celeb-synthesis_id17_id16_0007,55
Celeb-synthesis_id16_id3_0013,1,deepfake_detector/data/frames\train\fake\Celeb-synthesis_id16_id3_0013,60
Celeb-real_id6_0001,0,deepfake_detector/data/frames\train\real\Celeb-real_id6_0001,60
Celeb-synthesis_id17_id6_0006,1,deepfake_detector/data/frames\train\fake\Celeb-synthesis_id17_id6_0006,41
Youtube-real_00109,0,deepfake_detector/data/frames\train\real\Youtube-real_00109,53
Celeb-synthesis_id4_id9_0005,1,deepfake_detector/data/frames\train\fake\Celeb-synthesis_id4_id9_0005,60
Celeb-synthesis_id8_id1_0007,1,deepfake_detector/data/frames\train\fake\Celeb-synthesis_id8_id1_0007,60
Celeb-synthesis_id4_id1_0002,1,deepfake_detector/data/frames\train\fake\Celeb-synthesis_id4_id1_0002,60
Celeb-synthesis_id6_id16_0003,1,deepfake_detector/data/frames\train\fake\Celeb-synthesis_id6_id16_0003,60
Youtube-real_00041,0,deepfake_detector/data/frames\train\real\Youtube-real_00041,60
Celeb-synthesis_id1_id4_0009,1,deepfake_detector/data/frames\train\fake\Celeb-synthesis_id1_id4_0009,60
Celeb-synthesis_id8_id1_0002,1,deepfake_detector/data/frames\train\fake\Celeb-synthesis_id8_id1_0002,60
Celeb-synthesis_id1_id16_0007,1,deepfake_detector/data/frames\train\fake\Celeb-synthesis_id1_id16_0007,60
Youtube-real_00175,0,deepfake_detector/data/frames\train\real\Youtube-real_00175,60
Celeb-synthesis_id16_id2_0004,1,deepfake_detector/data/frames\train\fake\Celeb-synthesis_id16_id2_0004,60
Celeb-synthesis_id6_id16_0004,1,deepfake_detector/data/frames\train\fake\Celeb-synthesis_id6_id16_0004,60
Celeb-synthesis_id2_id0_0007,1,deepfake_detector/data/frames\train\fake\Celeb-synthesis_id2_id0_0007,60
Celeb-synthesis_id3_id1_0006,1,deepfake_detector/data/frames\train\fake\Celeb-synthesis_id3_id1_0006,60
Celeb-synthesis_id17_id6_0004,1,deepfake_detector/data/frames\train\fake\Celeb-synthesis_id17_id6_0004,60
Celeb-real_id11_0002,0,deepfake_detector/data/frames\train\real\Celeb-real_id11_0002,60
Celeb-synthesis_id13_id10_0008,1,deepfake_detector/data/frames\train\fake\Celeb-synthesis_id13_id10_0008,60
Celeb-real_id2_0001,0,deepfake_detector/data/frames\train\real\Celeb-real_id2_0001,60
Celeb-synthesis_id6_id4_0008,1,deepfake_detector/data/frames\train\fake\Celeb-synthesis_id6_id4_0008,60
Youtube-real_00160,0,deepfake_detector/data/frames\train\real\Youtube-real_00160,60
Celeb-synthesis_id3_id2_0001,1,deepfake_detector/data/frames\train\fake\Celeb-synthesis_id3_id2_0001,60
Celeb-synthesis_id17_id9_0001,1,deepfake_detector/data/frames\train\fake\Celeb-synthesis_id17_id9_0001,60
Celeb-synthesis_id16_id6_0006,1,deepfake_detector/data/frames\train\fake\Celeb-synthesis_id16_id6_0006,45
Celeb-synthesis_id9_id3_0009,1,deepfake_detector/data/frames\train\fake\Celeb-synthesis_id9_id3_0009,60
Youtube-real_00020,0,deepfake_detector/data/frames\train\real\Youtube-real_00020,60
Celeb-synthesis_id9_id0_0001,1,deepfake_detector/data/frames\train\fake\Celeb-synthesis_id9_id0_0001,60
Celeb-real_id10_0007,0,deepfake_detector/data/frames\train\real\Celeb-real_id10_0007,60
Celeb-real_id8_0002,0,deepfake_detector/data/frames\train\real\Celeb-real_id8_0002,60
Celeb-synthesis_id1_id6_0000,1,deepfake_detector/data/frames\train\fake\Celeb-synthesis_id1_id6_0000,60
Celeb-synthesis_id0_id16_0005,1,deepfake_detector/data/frames\train\fake\Celeb-synthesis_id0_id16_0005,60
Celeb-synthesis_id0_id16_0002,1,deepfake_detector/data/frames\train\fake\Celeb-synthesis_id0_id16_0002,60
Celeb-real_id1_0005,0,deepfake_detector/data/frames\train\real\Celeb-real_id1_0005,60
Celeb-real_id3_0000,0,deepfake_detector/data/frames\train\real\Celeb-real_id3_0000,60
Youtube-real_00068,0,deepfake_detector/data/frames\train\real\Youtube-real_00068,60
Celeb-real_id3_0009,0,deepfake_detector/data/frames\train\real\Celeb-real_id3_0009,60
Celeb-synthesis_id9_id16_0005,1,deepfake_detector/data/frames\train\fake\Celeb-synthesis_id9_id16_0005,60
Celeb-synthesis_id3_id0_0009,1,deepfake_detector/data/frames\train\fake\Celeb-synthesis_id3_id0_0009,60
Celeb-synthesis_id0_id9_0005,1,deepfake_detector/data/frames\train\fake\Celeb-synthesis_id0_id9_0005,60
Celeb-synthesis_id16_id0_0009,1,deepfake_detector/data/frames\train\fake\Celeb-synthesis_id16_id0_0009,60
Youtube-real_00178,0,deepfake_detector/data/frames\train\real\Youtube-real_00178,60
Celeb-synthesis_id6_id16_0000,1,deepfake_detector/data/frames\train\fake\Celeb-synthesis_id6_id16_0000,60
Celeb-synthesis_id13_id7_0008,1,deepfake_detector/data/frames\train\fake\Celeb-synthesis_id13_id7_0008,60
Celeb-synthesis_id4_id0_0002,1,deepfake_detector/data/frames\train\fake\Celeb-synthesis_id4_id0_0002,60
Celeb-synthesis_id9_id16_0000,1,deepfake_detector/data/frames\train\fake\Celeb-synthesis_id9_id16_0000,60
Celeb-synthesis_id0_id1_0009,1,deepfake_detector/data/frames\train\fake\Celeb-synthesis_id0_id1_0009,60
Celeb-synthesis_id9_id3_0000,1,deepfake_detector/data/frames\train\fake\Celeb-synthesis_id9_id3_0000,60
Celeb-synthesis_id13_id10_0012,1,deepfake_detector/data/frames\train\fake\Celeb-synthesis_id13_id10_0012,60
Celeb-real_id10_0000,0,deepfake_detector/data/frames\train\real\Celeb-real_id10_0000,48
Youtube-real_00219,0,deepfake_detector/data/frames\train\real\Youtube-real_00219,60
Celeb-synthesis_id16_id1_0011,1,deepfake_detector/data/frames\train\fake\Celeb-synthesis_id16_id1_0011,55
Celeb-synthesis_id16_id1_0005,1,deepfake_detector/data/frames\train\fake\Celeb-synthesis_id16_id1_0005,60
Youtube-real_00015,0,deepfake_detector/data/frames\train\real\Youtube-real_00015,60
Youtube-real_00154,0,deepfake_detector/data/frames\train\real\Youtube-real_00154,60
Celeb-synthesis_id1_id6_0005,1,deepfake_detector/data/frames\train\fake\Celeb-synthesis_id1_id6_0005,60
Celeb-synthesis_id16_id17_0013,1,deepfake_detector/data/frames\train\fake\Celeb-synthesis_id16_id17_0013,60
Celeb-synthesis_id9_id3_0004,1,deepfake_detector/data/frames\train\fake\Celeb-synthesis_id9_id3_0004,60
Youtube-real_00132,0,deepfake_detector/data/frames\train\real\Youtube-real_00132,60
Celeb-synthesis_id17_id3_0003,1,deepfake_detector/data/frames\train\fake\Celeb-synthesis_id17_id3_0003,50
Celeb-synthesis_id7_id11_0005,1,deepfake_detector/data/frames\train\fake\Celeb-synthesis_id7_id11_0005,33
Celeb-synthesis_id16_id9_0013,1,deepfake_detector/data/frames\train\fake\Celeb-synthesis_id16_id9_0013,60
Celeb-real_id17_0005,0,deepfake_detector/data/frames\train\real\Celeb-real_id17_0005,60
Celeb-real_id12_0001,0,deepfake_detector/data/frames\train\real\Celeb-real_id12_0001,60
Celeb-synthesis_id3_id9_0006,1,deepfake_detector/data/frames\train\fake\Celeb-synthesis_id3_id9_0006,60
Celeb-synthesis_id16_id17_0010,1,deepfake_detector/data/frames\train\fake\Celeb-synthesis_id16_id17_0010,60
Youtube-real_00048,0,deepfake_detector/data/frames\train\real\Youtube-real_00048,60
Celeb-synthesis_id6_id9_0001,1,deepfake_detector/data/frames\train\fake\Celeb-synthesis_id6_id9_0001,60
Celeb-real_id17_0002,0,deepfake_detector/data/frames\train\real\Celeb-real_id17_0002,60
Celeb-synthesis_id8_id9_0003,1,deepfake_detector/data/frames\train\fake\Celeb-synthesis_id8_id9_0003,60
Youtube-real_00080,0,deepfake_detector/data/frames\train\real\Youtube-real_00080,60
Celeb-synthesis_id0_id6_0001,1,deepfake_detector/data/frames\train\fake\Celeb-synthesis_id0_id6_0001,60
Celeb-synthesis_id8_id7_0003,1,deepfake_detector/data/frames\train\fake\Celeb-synthesis_id8_id7_0003,60
Celeb-synthesis_id17_id2_0000,1,deepfake_detector/data/frames\train\fake\Celeb-synthesis_id17_id2_0000,60
Celeb-synthesis_id4_id9_0004,1,deepfake_detector/data/frames\train\fake\Celeb-synthesis_id4_id9_0004,60
Celeb-synthesis_id4_id3_0008,1,deepfake_detector/data/frames\train\fake\Celeb-synthesis_id4_id3_0008,60
Celeb-synthesis_id9_id0_0009,1,deepfake_detector/data/frames\train\fake\Celeb-synthesis_id9_id0_0009,60
Youtube-real_00174,0,deepfake_detector/data/frames\train\real\Youtube-real_00174,60
Celeb-synthesis_id6_id2_0007,1,deepfake_detector/data/frames\train\fake\Celeb-synthesis_id6_id2_0007,60
Youtube-real_00108,0,deepfake_detector/data/frames\train\real\Youtube-real_00108,60
Youtube-real_00070,0,deepfake_detector/data/frames\train\real\Youtube-real_00070,60
Celeb-synthesis_id0_id17_0007,1,deepfake_detector/data/frames\train\fake\Celeb-synthesis_id0_id17_0007,60
Celeb-synthesis_id4_id3_0007,1,deepfake_detector/data/frames\train\fake\Celeb-synthesis_id4_id3_0007,60
Celeb-synthesis_id3_id6_0000,1,deepfake_detector/data/frames\train\fake\Celeb-synthesis_id3_id6_0000,60
Celeb-real_id3_0003,0,deepfake_detector/data/frames\train\real\Celeb-real_id3_0003,60
Celeb-synthesis_id13_id10_0000,1,deepfake_detector/data/frames\train\fake\Celeb-synthesis_id13_id10_0000,60
Celeb-real_id6_0004,0,deepfake_detector/data/frames\train\real\Celeb-real_id6_0004,60
Celeb-synthesis_id4_id0_0007,1,deepfake_detector/data/frames\train\fake\Celeb-synthesis_id4_id0_0007,60
Celeb-synthesis_id2_id1_0000,1,deepfake_detector/data/frames\train\fake\Celeb-synthesis_id2_id1_0000,60
Celeb-synthesis_id2_id6_0005,1,deepfake_detector/data/frames\train\fake\Celeb-synthesis_id2_id6_0005,60
Celeb-real_id13_0004,0,deepfake_detector/data/frames\train\real\Celeb-real_id13_0004,60
Celeb-synthesis_id0_id2_0003,1,deepfake_detector/data/frames\train\fake\Celeb-synthesis_id0_id2_0003,60
Celeb-synthesis_id13_id10_0015,1,deepfake_detector/data/frames\train\fake\Celeb-synthesis_id13_id10_0015,60
Celeb-synthesis_id1_id17_0006,1,deepfake_detector/data/frames\train\fake\Celeb-synthesis_id1_id17_0006,60
Youtube-real_00051,0,deepfake_detector/data/frames\train\real\Youtube-real_00051,60
Celeb-synthesis_id0_id3_0003,1,deepfake_detector/data/frames\train\fake\Celeb-synthesis_id0_id3_0003,60
Celeb-synthesis_id16_id3_0010,1,deepfake_detector/data/frames\train\fake\Celeb-synthesis_id16_id3_0010,60
Celeb-synthesis_id6_id17_0005,1,deepfake_detector/data/frames\train\fake\Celeb-synthesis_id6_id17_0005,60
Youtube-real_00119,0,deepfake_detector/data/frames\train\real\Youtube-real_00119,60
Celeb-synthesis_id3_id17_0003,1,deepfake_detector/data/frames\train\fake\Celeb-synthesis_id3_id17_0003,60
Celeb-synthesis_id6_id3_0008,1,deepfake_detector/data/frames\train\fake\Celeb-synthesis_id6_id3_0008,60
Youtube-real_00058,0,deepfake_detector/data/frames\train\real\Youtube-real_00058,60
Celeb-synthesis_id11_id7_0008,1,deepfake_detector/data/frames\train\fake\Celeb-synthesis_id11_id7_0008,60
Youtube-real_00039,0,deepfake_detector/data/frames\train\real\Youtube-real_00039,60
Celeb-synthesis_id4_id0_0009,1,deepfake_detector/data/frames\train\fake\Celeb-synthesis_id4_id0_0009,60
Youtube-real_00078,0,deepfake_detector/data/frames\train\real\Youtube-real_00078,60
Celeb-synthesis_id3_id0_0005,1,deepfake_detector/data/frames\train\fake\Celeb-synthesis_id3_id0_0005,60
Celeb-synthesis_id17_id9_0000,1,deepfake_detector/data/frames\train\fake\Celeb-synthesis_id17_id9_0000,60
Youtube-real_00012,0,deepfake_detector/data/frames\train\real\Youtube-real_00012,60
Celeb-synthesis_id7_id10_0005,1,deepfake_detector/data/frames\train\fake\Celeb-synthesis_id7_id10_0005,33
Celeb-synthesis_id1_id17_0004,1,deepfake_detector/data/frames\train\fake\Celeb-synthesis_id1_id17_0004,60
Celeb-synthesis_id0_id16_0006,1,deepfake_detector/data/frames\train\fake\Celeb-synthesis_id0_id16_0006,60
Celeb-synthesis_id2_id4_0000,1,deepfake_detector/data/frames\train\fake\Celeb-synthesis_id2_id4_0000,60
Celeb-synthesis_id4_id0_0005,1,deepfake_detector/data/frames\train\fake\Celeb-synthesis_id4_id0_0005,60
Celeb-synthesis_id2_id3_0002,1,deepfake_detector/data/frames\train\fake\Celeb-synthesis_id2_id3_0002,60
Celeb-synthesis_id3_id9_0003,1,deepfake_detector/data/frames\train\fake\Celeb-synthesis_id3_id9_0003,60
Celeb-synthesis_id1_id6_0003,1,deepfake_detector/data/frames\train\fake\Celeb-synthesis_id1_id6_0003,60
Celeb-synthesis_id6_id9_0009,1,deepfake_detector/data/frames\train\fake\Celeb-synthesis_id6_id9_0009,60
Celeb-synthesis_id0_id16_0001,1,deepfake_detector/data/frames\train\fake\Celeb-synthesis_id0_id16_0001,60
Celeb-synthesis_id1_id16_0002,1,deepfake_detector/data/frames\train\fake\Celeb-synthesis_id1_id16_0002,60
Celeb-real_id6_0002,0,deepfake_detector/data/frames\train\real\Celeb-real_id6_0002,60
Youtube-real_00222,0,deepfake_detector/data/frames\train\real\Youtube-real_00222,60
Celeb-synthesis_id13_id10_0004,1,deepfake_detector/data/frames\train\fake\Celeb-synthesis_id13_id10_0004,60
Celeb-synthesis_id4_id6_0006,1,deepfake_detector/data/frames\train\fake\Celeb-synthesis_id4_id6_0006,60
Celeb-synthesis_id17_id6_0009,1,deepfake_detector/data/frames\train\fake\Celeb-synthesis_id17_id6_0009,60
Celeb-synthesis_id1_id2_0003,1,deepfake_detector/data/frames\train\fake\Celeb-synthesis_id1_id2_0003,60
Youtube-real_00073,0,deepfake_detector/data/frames\train\real\Youtube-real_00073,60
Celeb-synthesis_id2_id16_0006,1,deepfake_detector/data/frames\train\fake\Celeb-synthesis_id2_id16_0006,60
Celeb-synthesis_id8_id6_0002,1,deepfake_detector/data/frames\train\fake\Celeb-synthesis_id8_id6_0002,60
Celeb-real_id4_0001,0,deepfake_detector/data/frames\train\real\Celeb-real_id4_0001,60
Youtube-real_00191,0,deepfake_detector/data/frames\train\real\Youtube-real_00191,60
Youtube-real_00024,0,deepfake_detector/data/frames\train\real\Youtube-real_00024,60
Youtube-real_00189,0,deepfake_detector/data/frames\train\real\Youtube-real_00189,60
Celeb-synthesis_id2_id0_0009,1,deepfake_detector/data/frames\train\fake\Celeb-synthesis_id2_id0_0009,60
Youtube-real_00034,0,deepfake_detector/data/frames\train\real\Youtube-real_00034,60
Celeb-synthesis_id13_id7_0000,1,deepfake_detector/data/frames\train\fake\Celeb-synthesis_id13_id7_0000,60
Celeb-synthesis_id0_id4_0005,1,deepfake_detector/data/frames\train\fake\Celeb-synthesis_id0_id4_0005,60
Celeb-synthesis_id16_id0_0007,1,deepfake_detector/data/frames\train\fake\Celeb-synthesis_id16_id0_0007,57
Celeb-real_id4_0005,0,deepfake_detector/data/frames\train\real\Celeb-real_id4_0005,60
Celeb-synthesis_id17_id16_0004,1,deepfake_detector/data/frames\train\fake\Celeb-synthesis_id17_id16_0004,60
Youtube-real_00192,0,deepfake_detector/data/frames\train\real\Youtube-real_00192,60
Celeb-synthesis_id3_id6_0009,1,deepfake_detector/data/frames\train\fake\Celeb-synthesis_id3_id6_0009,60
Celeb-synthesis_id4_id3_0003,1,deepfake_detector/data/frames\train\fake\Celeb-synthesis_id4_id3_0003,60
Celeb-synthesis_id16_id2_0012,1,deepfake_detector/data/frames\train\fake\Celeb-synthesis_id16_id2_0012,60
Youtube-real_00217,0,deepfake_detector/data/frames\train\real\Youtube-real_00217,60
Celeb-synthesis_id8_id7_0008,1,deepfake_detector/data/frames\train\fake\Celeb-synthesis_id8_id7_0008,60
Celeb-synthesis_id16_id2_0013,1,deepfake_detector/data/frames\train\fake\Celeb-synthesis_id16_id2_0013,60
Celeb-synthesis_id0_id3_0009,1,deepfake_detector/data/frames\train\fake\Celeb-synthesis_id0_id3_0009,60
Youtube-real_00131,0,deepfake_detector/data/frames\train\real\Youtube-real_00131,60
Youtube-real_00129,0,deepfake_detector/data/frames\train\real\Youtube-real_00129,60
Celeb-synthesis_id4_id1_0000,1,deepfake_detector/data/frames\train\fake\Celeb-synthesis_id4_id1_0000,60
Youtube-real_00095,0,deepfake_detector/data/frames\train\real\Youtube-real_00095,60
Youtube-real_00004,0,deepfake_detector/data/frames\train\real\Youtube-real_00004,60
Celeb-synthesis_id16_id0_0011,1,deepfake_detector/data/frames\train\fake\Celeb-synthesis_id16_id0_0011,55
Celeb-synthesis_id2_id9_0008,1,deepfake_detector/data/frames\train\fake\Celeb-synthesis_id2_id9_0008,60
Celeb-synthesis_id2_id17_0004,1,deepfake_detector/data/frames\train\fake\Celeb-synthesis_id2_id17_0004,60
Celeb-synthesis_id4_id2_0002,1,deepfake_detector/data/frames\train\fake\Celeb-synthesis_id4_id2_0002,60
Youtube-real_00235,0,deepfake_detector/data/frames\train\real\Youtube-real_00235,60
Youtube-real_00116,0,deepfake_detector/data/frames\train\real\Youtube-real_00116,60
Celeb-synthesis_id6_id2_0008,1,deepfake_detector/data/frames\train\fake\Celeb-synthesis_id6_id2_0008,60
Celeb-synthesis_id6_id1_0009,1,deepfake_detector/data/frames\train\fake\Celeb-synthesis_id6_id1_0009,60
Celeb-synthesis_id4_id3_0002,1,deepfake_detector/data/frames\train\fake\Celeb-synthesis_id4_id3_0002,60
Celeb-synthesis_id2_id17_0008,1,deepfake_detector/data/frames\train\fake\Celeb-synthesis_id2_id17_0008,60
Youtube-real_00123,0,deepfake_detector/data/frames\train\real\Youtube-real_00123,60
Celeb-real_id17_0001,0,deepfake_detector/data/frames\train\real\Celeb-real_id17_0001,60
Youtube-real_00104,0,deepfake_detector/data/frames\train\real\Youtube-real_00104,60
Celeb-synthesis_id3_id1_0004,1,deepfake_detector/data/frames\train\fake\Celeb-synthesis_id3_id1_0004,60
Celeb-synthesis_id16_id0_0012,1,deepfake_detector/data/frames\train\fake\Celeb-synthesis_id16_id0_0012,60
Celeb-synthesis_id3_id9_0009,1,deepfake_detector/data/frames\train\fake\Celeb-synthesis_id3_id9_0009,60
Celeb-synthesis_id8_id3_0003,1,deepfake_detector/data/frames\train\fake\Celeb-synthesis_id8_id3_0003,60
Celeb-synthesis_id0_id17_0005,1,deepfake_detector/data/frames\train\fake\Celeb-synthesis_id0_id17_0005,60
Celeb-synthesis_id1_id0_0006,1,deepfake_detector/data/frames\train\fake\Celeb-synthesis_id1_id0_0006,60
Celeb-synthesis_id9_id4_0001,1,deepfake_detector/data/frames\train\fake\Celeb-synthesis_id9_id4_0001,60
Celeb-synthesis_id0_id16_0008,1,deepfake_detector/data/frames\train\fake\Celeb-synthesis_id0_id16_0008,60
Celeb-synthesis_id16_id1_0007,1,deepfake_detector/data/frames\train\fake\Celeb-synthesis_id16_id1_0007,57
Youtube-real_00232,0,deepfake_detector/data/frames\train\real\Youtube-real_00232,60
Celeb-synthesis_id9_id17_0005,1,deepfake_detector/data/frames\train\fake\Celeb-synthesis_id9_id17_0005,60
Celeb-real_id16_0007,0,deepfake_detector/data/frames\train\real\Celeb-real_id16_0007,57
Youtube-real_00079,0,deepfake_detector/data/frames\train\real\Youtube-real_00079,60
Celeb-synthesis_id2_id4_0007,1,deepfake_detector/data/frames\train\fake\Celeb-synthesis_id2_id4_0007,60
Celeb-synthesis_id16_id17_0002,1,deepfake_detector/data/frames\train\fake\Celeb-synthesis_id16_id17_0002,60
Celeb-real_id0_0008,0,deepfake_detector/data/frames\train\real\Celeb-real_id0_0008,60
Celeb-synthesis_id13_id7_0005,1,deepfake_detector/data/frames\train\fake\Celeb-synthesis_id13_id7_0005,60
Celeb-synthesis_id9_id17_0006,1,deepfake_detector/data/frames\train\fake\Celeb-synthesis_id9_id17_0006,60
Celeb-synthesis_id2_id3_0009,1,deepfake_detector/data/frames\train\fake\Celeb-synthesis_id2_id3_0009,60
Celeb-synthesis_id16_id6_0002,1,deepfake_detector/data/frames\train\fake\Celeb-synthesis_id16_id6_0002,60
Youtube-real_00018,0,deepfake_detector/data/frames\train\real\Youtube-real_00018,60
Celeb-synthesis_id0_id4_0009,1,deepfake_detector/data/frames\train\fake\Celeb-synthesis_id0_id4_0009,60
Celeb-synthesis_id16_id2_0006,1,deepfake_detector/data/frames\train\fake\Celeb-synthesis_id16_id2_0006,45
Celeb-synthesis_id6_id16_0009,1,deepfake_detector/data/frames\train\fake\Celeb-synthesis_id6_id16_0009,60
Celeb-synthesis_id16_id9_0004,1,deepfake_detector/data/frames\train\fake\Celeb-synthesis_id16_id9_0004,60
Celeb-synthesis_id16_id6_0013,1,deepfake_detector/data/frames\train\fake\Celeb-synthesis_id16_id6_0013,60
Celeb-synthesis_id17_id9_0009,1,deepfake_detector/data/frames\train\fake\Celeb-synthesis_id17_id9_0009,60
Celeb-synthesis_id0_id2_0005,1,deepfake_detector/data/frames\train\fake\Celeb-synthesis_id0_id2_0005,60
Celeb-synthesis_id11_id7_0005,1,deepfake_detector/data/frames\train\fake\Celeb-synthesis_id11_id7_0005,60
Celeb-synthesis_id17_id3_0005,1,deepfake_detector/data/frames\train\fake\Celeb-synthesis_id17_id3_0005,60
Celeb-synthesis_id16_id9_0000,1,deepfake_detector/data/frames\train\fake\Celeb-synthesis_id16_id9_0000,60
Celeb-synthesis_id9_id17_0004,1,deepfake_detector/data/frames\train\fake\Celeb-synthesis_id9_id17_0004,60
Celeb-synthesis_id6_id3_0003,1,deepfake_detector/data/frames\train\fake\Celeb-synthesis_id6_id3_0003,60
Youtube-real_00147,0,deepfake_detector/data/frames\train\real\Youtube-real_00147,60
Celeb-real_id10_0004,0,deepfake_detector/data/frames\train\real\Celeb-real_id10_0004,60
Youtube-real_00072,0,deepfake_detector/data/frames\train\real\Youtube-real_00072,60
Celeb-real_id10_0006,0,deepfake_detector/data/frames\train\real\Celeb-real_id10_0006,22
Celeb-real_id8_0001,0,deepfake_detector/data/frames\train\real\Celeb-real_id8_0001,60
Youtube-real_00069,0,deepfake_detector/data/frames\train\real\Youtube-real_00069,60
Celeb-synthesis_id13_id10_0011,1,deepfake_detector/data/frames\train\fake\Celeb-synthesis_id13_id10_0011,60
Youtube-real_00125,0,deepfake_detector/data/frames\train\real\Youtube-real_00125,56
Celeb-synthesis_id1_id9_0003,1,deepfake_detector/data/frames\train\fake\Celeb-synthesis_id1_id9_0003,60
Celeb-real_id8_0008,0,deepfake_detector/data/frames\train\real\Celeb-real_id8_0008,60
Celeb-real_id17_0007,0,deepfake_detector/data/frames\train\real\Celeb-real_id17_0007,55
Celeb-synthesis_id6_id1_0000,1,deepfake_detector/data/frames\train\fake\Celeb-synthesis_id6_id1_0000,60
Youtube-real_00140,0,deepfake_detector/data/frames\train\real\Youtube-real_00140,60
Celeb-real_id13_0007,0,deepfake_detector/data/frames\train\real\Celeb-real_id13_0007,60
Celeb-synthesis_id0_id4_0002,1,deepfake_detector/data/frames\train\fake\Celeb-synthesis_id0_id4_0002,60
Celeb-synthesis_id0_id9_0006,1,deepfake_detector/data/frames\train\fake\Celeb-synthesis_id0_id9_0006,60
Youtube-real_00196,0,deepfake_detector/data/frames\train\real\Youtube-real_00196,60
Youtube-real_00060,0,deepfake_detector/data/frames\train\real\Youtube-real_00060,60
Celeb-synthesis_id16_id17_0012,1,deepfake_detector/data/frames\train\fake\Celeb-synthesis_id16_id17_0012,60
Celeb-synthesis_id2_id4_0008,1,deepfake_detector/data/frames\train\fake\Celeb-synthesis_id2_id4_0008,60
Youtube-real_00231,0,deepfake_detector/data/frames\train\real\Youtube-real_00231,60
Celeb-synthesis_id1_id16_0009,1,deepfake_detector/data/frames\train\fake\Celeb-synthesis_id1_id16_0009,60
Celeb-synthesis_id2_id1_0003,1,deepfake_detector/data/frames\train\fake\Celeb-synthesis_id2_id1_0003,60
Celeb-synthesis_id2_id3_0000,1,deepfake_detector/data/frames\train\fake\Celeb-synthesis_id2_id3_0000,60
Celeb-synthesis_id6_id1_0005,1,deepfake_detector/data/frames\train\fake\Celeb-synthesis_id6_id1_0005,60
Celeb-synthesis_id9_id1_0008,1,deepfake_detector/data/frames\train\fake\Celeb-synthesis_id9_id1_0008,60
Youtube-real_00183,0,deepfake_detector/data/frames\train\real\Youtube-real_00183,60
Celeb-synthesis_id9_id6_0004,1,deepfake_detector/data/frames\train\fake\Celeb-synthesis_id9_id6_0004,60
Celeb-synthesis_id0_id1_0002,1,deepfake_detector/data/frames\train\fake\Celeb-synthesis_id0_id1_0002,60
Celeb-real_id0_0005,0,deepfake_detector/data/frames\train\real\Celeb-real_id0_0005,60
Celeb-synthesis_id2_id1_0001,1,deepfake_detector/data/frames\train\fake\Celeb-synthesis_id2_id1_0001,60
Celeb-synthesis_id2_id3_0001,1,deepfake_detector/data/frames\train\fake\Celeb-synthesis_id2_id3_0001,60
Youtube-real_00220,0,deepfake_detector/data/frames\train\real\Youtube-real_00220,60
Celeb-synthesis_id1_id4_0007,1,deepfake_detector/data/frames\train\fake\Celeb-synthesis_id1_id4_0007,60
Celeb-synthesis_id9_id2_0005,1,deepfake_detector/data/frames\train\fake\Celeb-synthesis_id9_id2_0005,60
Celeb-synthesis_id1_id0_0001,1,deepfake_detector/data/frames\train\fake\Celeb-synthesis_id1_id0_0001,55
Celeb-synthesis_id16_id17_0000,1,deepfake_detector/data/frames\train\fake\Celeb-synthesis_id16_id17_0000,60
Celeb-synthesis_id17_id6_0002,1,deepfake_detector/data/frames\train\fake\Celeb-synthesis_id17_id6_0002,60
Celeb-synthesis_id1_id0_0002,1,deepfake_detector/data/frames\train\fake\Celeb-synthesis_id1_id0_0002,60
Celeb-synthesis_id0_id9_0008,1,deepfake_detector/data/frames\train\fake\Celeb-synthesis_id0_id9_0008,60
Celeb-real_id2_0006,0,deepfake_detector/data/frames\train\real\Celeb-real_id2_0006,60
Celeb-synthesis_id9_id3_0006,1,deepfake_detector/data/frames\train\fake\Celeb-synthesis_id9_id3_0006,60
Celeb-real_id4_0000,0,deepfake_detector/data/frames\train\real\Celeb-real_id4_0000,60
Celeb-synthesis_id7_id11_0006,1,deepfake_detector/data/frames\train\fake\Celeb-synthesis_id7_id11_0006,43
Celeb-synthesis_id0_id3_0008,1,deepfake_detector/data/frames\train\fake\Celeb-synthesis_id0_id3_0008,60
Celeb-synthesis_id17_id6_0000,1,deepfake_detector/data/frames\train\fake\Celeb-synthesis_id17_id6_0000,60
Celeb-synthesis_id7_id13_0000,1,deepfake_detector/data/frames\train\fake\Celeb-synthesis_id7_id13_0000,56
Youtube-real_00146,0,deepfake_detector/data/frames\train\real\Youtube-real_00146,60
Celeb-synthesis_id10_id13_0002,1,deepfake_detector/data/frames\train\fake\Celeb-synthesis_id10_id13_0002,60
Celeb-synthesis_id13_id7_0011,1,deepfake_detector/data/frames\train\fake\Celeb-synthesis_id13_id7_0011,60
Youtube-real_00210,0,deepfake_detector/data/frames\train\real\Youtube-real_00210,60
Celeb-real_id9_0005,0,deepfake_detector/data/frames\train\real\Celeb-real_id9_0005,60
Celeb-synthesis_id17_id1_0006,1,deepfake_detector/data/frames\train\fake\Celeb-synthesis_id17_id1_0006,41
Celeb-synthesis_id1_id16_0003,1,deepfake_detector/data/frames\train\fake\Celeb-synthesis_id1_id16_0003,60
Celeb-synthesis_id16_id9_0001,1,deepfake_detector/data/frames\train\fake\Celeb-synthesis_id16_id9_0001,60
Youtube-real_00236,0,deepfake_detector/data/frames\train\real\Youtube-real_00236,60
Celeb-real_id4_0004,0,deepfake_detector/data/frames\train\real\Celeb-real_id4_0004,60
Celeb-synthesis_id0_id17_0002,1,deepfake_detector/data/frames\train\fake\Celeb-synthesis_id0_id17_0002,60
Youtube-real_00009,0,deepfake_detector/data/frames\train\real\Youtube-real_00009,60
Youtube-real_00087,0,deepfake_detector/data/frames\train\real\Youtube-real_00087,60
Celeb-real_id7_0008,0,deepfake_detector/data/frames\train\real\Celeb-real_id7_0008,59
Celeb-synthesis_id2_id1_0002,1,deepfake_detector/data/frames\train\fake\Celeb-synthesis_id2_id1_0002,60
Celeb-synthesis_id1_id17_0009,1,deepfake_detector/data/frames\train\fake\Celeb-synthesis_id1_id17_0009,60
Celeb-synthesis_id0_id2_0009,1,deepfake_detector/data/frames\train\fake\Celeb-synthesis_id0_id2_0009,60
Celeb-synthesis_id6_id0_0006,1,deepfake_detector/data/frames\train\fake\Celeb-synthesis_id6_id0_0006,59
Youtube-real_00133,0,deepfake_detector/data/frames\train\real\Youtube-real_00133,60
Celeb-synthesis_id3_id17_0007,1,deepfake_detector/data/frames\train\fake\Celeb-synthesis_id3_id17_0007,60
Celeb-synthesis_id6_id0_0000,1,deepfake_detector/data/frames\train\fake\Celeb-synthesis_id6_id0_0000,60
Celeb-synthesis_id17_id16_0000,1,deepfake_detector/data/frames\train\fake\Celeb-synthesis_id17_id16_0000,60
Celeb-synthesis_id2_id3_0005,1,deepfake_detector/data/frames\train\fake\Celeb-synthesis_id2_id3_0005,60
Celeb-synthesis_id0_id6_0002,1,deepfake_detector/data/frames\train\fake\Celeb-synthesis_id0_id6_0002,60
Celeb-synthesis_id2_id17_0009,1,deepfake_detector/data/frames\train\fake\Celeb-synthesis_id2_id17_0009,60
Celeb-synthesis_id3_id16_0004,1,deepfake_detector/data/frames\train\fake\Celeb-synthesis_id3_id16_0004,60
Celeb-synthesis_id2_id0_0003,1,deepfake_detector/data/frames\train\fake\Celeb-synthesis_id2_id0_0003,60
Youtube-real_00076,0,deepfake_detector/data/frames\train\real\Youtube-real_00076,60
Celeb-real_id11_0003,0,deepfake_detector/data/frames\train\real\Celeb-real_id11_0003,60
Celeb-synthesis_id4_id1_0009,1,deepfake_detector/data/frames\train\fake\Celeb-synthesis_id4_id1_0009,60
Celeb-synthesis_id13_id7_0012,1,deepfake_detector/data/frames\train\fake\Celeb-synthesis_id13_id7_0012,60
Youtube-real_00229,0,deepfake_detector/data/frames\train\real\Youtube-real_00229,60
Celeb-real_id6_0008,0,deepfake_detector/data/frames\train\real\Celeb-real_id6_0008,60
Celeb-real_id6_0005,0,deepfake_detector/data/frames\train\real\Celeb-real_id6_0005,60
Celeb-synthesis_id4_id9_0008,1,deepfake_detector/data/frames\train\fake\Celeb-synthesis_id4_id9_0008,60
Celeb-synthesis_id1_id2_0000,1,deepfake_detector/data/frames\train\fake\Celeb-synthesis_id1_id2_0000,60
Celeb-synthesis_id8_id5_0008,1,deepfake_detector/data/frames\train\fake\Celeb-synthesis_id8_id5_0008,60
Youtube-real_00194,0,deepfake_detector/data/frames\train\real\Youtube-real_00194,60
Celeb-real_id2_0005,0,deepfake_detector/data/frames\train\real\Celeb-real_id2_0005,60
Celeb-synthesis_id16_id0_0004,1,deepfake_detector/data/frames\train\fake\Celeb-synthesis_id16_id0_0004,60
Youtube-real_00110,0,deepfake_detector/data/frames\train\real\Youtube-real_00110,60
Youtube-real_00180,0,deepfake_detector/data/frames\train\real\Youtube-real_00180,60
Celeb-synthesis_id17_id3_0000,1,deepfake_detector/data/frames\train\fake\Celeb-synthesis_id17_id3_0000,60
Celeb-real_id7_0001,0,deepfake_detector/data/frames\train\real\Celeb-real_id7_0001,59
Celeb-synthesis_id6_id2_0003,1,deepfake_detector/data/frames\train\fake\Celeb-synthesis_id6_id2_0003,60
Celeb-synthesis_id6_id2_0005,1,deepfake_detector/data/frames\train\fake\Celeb-synthesis_id6_id2_0005,60
Celeb-synthesis_id17_id9_0004,1,deepfake_detector/data/frames\train\fake\Celeb-synthesis_id17_id9_0004,60
Celeb-synthesis_id2_id1_0004,1,deepfake_detector/data/frames\train\fake\Celeb-synthesis_id2_id1_0004,60
Celeb-synthesis_id17_id16_0009,1,deepfake_detector/data/frames\train\fake\Celeb-synthesis_id17_id16_0009,60
Youtube-real_00215,0,deepfake_detector/data/frames\train\real\Youtube-real_00215,60
Youtube-real_00052,0,deepfake_detector/data/frames\train\real\Youtube-real_00052,60
Celeb-synthesis_id16_id9_0010,1,deepfake_detector/data/frames\train\fake\Celeb-synthesis_id16_id9_0010,60
Celeb-real_id9_0007,0,deepfake_detector/data/frames\train\real\Celeb-real_id9_0007,60
Celeb-synthesis_id6_id2_0001,1,deepfake_detector/data/frames\train\fake\Celeb-synthesis_id6_id2_0001,60
Celeb-synthesis_id6_id4_0006,1,deepfake_detector/data/frames\train\fake\Celeb-synthesis_id6_id4_0006,59
Celeb-synthesis_id9_id0_0007,1,deepfake_detector/data/frames\train\fake\Celeb-synthesis_id9_id0_0007,60
Celeb-real_id7_0005,0,deepfake_detector/data/frames\train\real\Celeb-real_id7_0005,33
Celeb-synthesis_id1_id0_0009,1,deepfake_detector/data/frames\train\fake\Celeb-synthesis_id1_id0_0009,60
Celeb-synthesis_id6_id1_0008,1,deepfake_detector/data/frames\train\fake\Celeb-synthesis_id6_id1_0008,60
Celeb-synthesis_id4_id6_0001,1,deepfake_detector/data/frames\train\fake\Celeb-synthesis_id4_id6_0001,60
Celeb-synthesis_id3_id16_0006,1,deepfake_detector/data/frames\train\fake\Celeb-synthesis_id3_id16_0006,60
Celeb-synthesis_id16_id3_0011,1,deepfake_detector/data/frames\train\fake\Celeb-synthesis_id16_id3_0011,55
Celeb-synthesis_id3_id2_0000,1,deepfake_detector/data/frames\train\fake\Celeb-synthesis_id3_id2_0000,60
Celeb-synthesis_id1_id4_0004,1,deepfake_detector/data/frames\train\fake\Celeb-synthesis_id1_id4_0004,60
Celeb-real_id11_0007,0,deepfake_detector/data/frames\train\real\Celeb-real_id11_0007,60
Celeb-real_id16_0001,0,deepfake_detector/data/frames\train\real\Celeb-real_id16_0001,60
Celeb-synthesis_id6_id4_0004,1,deepfake_detector/data/frames\train\fake\Celeb-synthesis_id6_id4_0004,60
Celeb-synthesis_id3_id2_0005,1,deepfake_detector/data/frames\train\fake\Celeb-synthesis_id3_id2_0005,60
Celeb-real_id4_0007,0,deepfake_detector/data/frames\train\real\Celeb-real_id4_0007,60
Celeb-synthesis_id1_id2_0004,1,deepfake_detector/data/frames\train\fake\Celeb-synthesis_id1_id2_0004,60
Celeb-synthesis_id4_id9_0000,1,deepfake_detector/data/frames\train\fake\Celeb-synthesis_id4_id9_0000,60
Celeb-synthesis_id17_id3_0009,1,deepfake_detector/data/frames\train\fake\Celeb-synthesis_id17_id3_0009,60
Celeb-synthesis_id4_id3_0000,1,deepfake_detector/data/frames\train\fake\Celeb-synthesis_id4_id3_0000,60
Celeb-synthesis_id10_id13_0004,1,deepfake_detector/data/frames\train\fake\Celeb-synthesis_id10_id13_0004,60
Celeb-real_id0_0003,0,deepfake_detector/data/frames\train\real\Celeb-real_id0_0003,60
Celeb-synthesis_id16_id6_0000,1,deepfake_detector/data/frames\train\fake\Celeb-synthesis_id16_id6_0000,60
Celeb-synthesis_id16_id3_0005,1,deepfake_detector/data/frames\train\fake\Celeb-synthesis_id16_id3_0005,60
Celeb-synthesis_id17_id1_0002,1,deepfake_detector/data/frames\train\fake\Celeb-synthesis_id17_id1_0002,60
Celeb-synthesis_id2_id9_0005,1,deepfake_detector/data/frames\train\fake\Celeb-synthesis_id2_id9_0005,60
Celeb-synthesis_id6_id17_0002,1,deepfake_detector/data/frames\train\fake\Celeb-synthesis_id6_id17_0002,60
Youtube-real_00036,0,deepfake_detector/data/frames\train\real\Youtube-real_00036,60
Celeb-synthesis_id17_id9_0003,1,deepfake_detector/data/frames\train\fake\Celeb-synthesis_id17_id9_0003,50
Celeb-synthesis_id0_id3_0007,1,deepfake_detector/data/frames\train\fake\Celeb-synthesis_id0_id3_0007,60
Youtube-real_00166,0,deepfake_detector/data/frames\train\real\Youtube-real_00166,60
Celeb-synthesis_id1_id6_0006,1,deepfake_detector/data/frames\train\fake\Celeb-synthesis_id1_id6_0006,60
Celeb-synthesis_id11_id7_0004,1,deepfake_detector/data/frames\train\fake\Celeb-synthesis_id11_id7_0004,60
Celeb-synthesis_id13_id7_0002,1,deepfake_detector/data/frames\train\fake\Celeb-synthesis_id13_id7_0002,60
Celeb-synthesis_id3_id17_0002,1,deepfake_detector/data/frames\train\fake\Celeb-synthesis_id3_id17_0002,60
Celeb-synthesis_id2_id0_0000,1,deepfake_detector/data/frames\train\fake\Celeb-synthesis_id2_id0_0000,60
Celeb-synthesis_id3_id9_0008,1,deepfake_detector/data/frames\train\fake\Celeb-synthesis_id3_id9_0008,60
Celeb-synthesis_id7_id13_0006,1,deepfake_detector/data/frames\train\fake\Celeb-synthesis_id7_id13_0006,43
Celeb-synthesis_id10_id12_0005,1,deepfake_detector/data/frames\train\fake\Celeb-synthesis_id10_id12_0005,60
Youtube-real_00149,0,deepfake_detector/data/frames\train\real\Youtube-real_00149,60
Celeb-synthesis_id2_id9_0000,1,deepfake_detector/data/frames\train\fake\Celeb-synthesis_id2_id9_0000,60
Celeb-real_id17_0004,0,deepfake_detector/data/frames\train\real\Celeb-real_id17_0004,60
Celeb-synthesis_id1_id0_0007,1,deepfake_detector/data/frames\train\fake\Celeb-synthesis_id1_id0_0007,60
Celeb-synthesis_id9_id2_0009,1,deepfake_detector/data/frames\train\fake\Celeb-synthesis_id9_id2_0009,60
Celeb-synthesis_id9_id4_0002,1,deepfake_detector/data/frames\train\fake\Celeb-synthesis_id9_id4_0002,60
Youtube-real_00221,0,deepfake_detector/data/frames\train\real\Youtube-real_00221,60
Celeb-synthesis_id6_id4_0005,1,deepfake_detector/data/frames\train\fake\Celeb-synthesis_id6_id4_0005,60
Youtube-real_00090,0,deepfake_detector/data/frames\train\real\Youtube-real_00090,60
Celeb-real_id0_0000,0,deepfake_detector/data/frames\train\real\Celeb-real_id0_0000,60
Celeb-synthesis_id3_id1_0008,1,deepfake_detector/data/frames\train\fake\Celeb-synthesis_id3_id1_0008,60
Celeb-synthesis_id0_id17_0003,1,deepfake_detector/data/frames\train\fake\Celeb-synthesis_id0_id17_0003,60
Celeb-synthesis_id17_id9_0002,1,deepfake_detector/data/frames\train\fake\Celeb-synthesis_id17_id9_0002,60
Celeb-synthesis_id16_id9_0009,1,deepfake_detector/data/frames\train\fake\Celeb-synthesis_id16_id9_0009,60
Celeb-synthesis_id2_id1_0005,1,deepfake_detector/data/frames\train\fake\Celeb-synthesis_id2_id1_0005,60
Celeb-synthesis_id3_id4_0008,1,deepfake_detector/data/frames\train\fake\Celeb-synthesis_id3_id4_0008,60
Celeb-synthesis_id2_id0_0005,1,deepfake_detector/data/frames\train\fake\Celeb-synthesis_id2_id0_0005,60
Celeb-synthesis_id0_id1_0001,1,deepfake_detector/data/frames\train\fake\Celeb-synthesis_id0_id1_0001,60
Youtube-real_00086,0,deepfake_detector/data/frames\train\real\Youtube-real_00086,59
Youtube-real_00188,0,deepfake_detector/data/frames\train\real\Youtube-real_00188,60
Celeb-synthesis_id13_id10_0014,1,deepfake_detector/data/frames\train\fake\Celeb-synthesis_id13_id10_0014,60
Celeb-real_id2_0008,0,deepfake_detector/data/frames\train\real\Celeb-real_id2_0008,60
Celeb-synthesis_id3_id2_0009,1,deepfake_detector/data/frames\train\fake\Celeb-synthesis_id3_id2_0009,60
Celeb-real_id8_0004,0,deepfake_detector/data/frames\train\real\Celeb-real_id8_0004,60
Youtube-real_00102,0,deepfake_detector/data/frames\train\real\Youtube-real_00102,60
Celeb-real_id10_0001,0,deepfake_detector/data/frames\train\real\Celeb-real_id10_0001,28
Celeb-synthesis_id0_id2_0004,1,deepfake_detector/data/frames\train\fake\Celeb-synthesis_id0_id2_0004,60
Celeb-synthesis_id7_id10_0009,1,deepfake_detector/data/frames\train\fake\Celeb-synthesis_id7_id10_0009,60
Youtube-real_00245,0,deepfake_detector/data/frames\train\real\Youtube-real_00245,60
Celeb-real_id6_0007,0,deepfake_detector/data/frames\train\real\Celeb-real_id6_0007,60
Celeb-synthesis_id1_id9_0006,1,deepfake_detector/data/frames\train\fake\Celeb-synthesis_id1_id9_0006,60
Celeb-synthesis_id11_id7_0010,1,deepfake_detector/data/frames\train\fake\Celeb-synthesis_id11_id7_0010,60
Celeb-synthesis_id1_id4_0005,1,deepfake_detector/data/frames\train\fake\Celeb-synthesis_id1_id4_0005,60
Celeb-synthesis_id16_id6_0010,1,deepfake_detector/data/frames\train\fake\Celeb-synthesis_id16_id6_0010,60
Celeb-synthesis_id6_id4_0009,1,deepfake_detector/data/frames\train\fake\Celeb-synthesis_id6_id4_0009,60
Celeb-synthesis_id9_id6_0000,1,deepfake_detector/data/frames\train\fake\Celeb-synthesis_id9_id6_0000,60
Youtube-real_00208,0,deepfake_detector/data/frames\train\real\Youtube-real_00208,60
Celeb-synthesis_id6_id16_0006,1,deepfake_detector/data/frames\train\fake\Celeb-synthesis_id6_id16_0006,59
Youtube-real_00066,0,deepfake_detector/data/frames\train\real\Youtube-real_00066,60
Celeb-synthesis_id17_id1_0004,1,deepfake_detector/data/frames\train\fake\Celeb-synthesis_id17_id1_0004,60
Celeb-real_id1_0008,0,deepfake_detector/data/frames\train\real\Celeb-real_id1_0008,60
Celeb-synthesis_id17_id16_0003,1,deepfake_detector/data/frames\train\fake\Celeb-synthesis_id17_id16_0003,50
Celeb-synthesis_id3_id4_0003,1,deepfake_detector/data/frames\train\fake\Celeb-synthesis_id3_id4_0003,60
Youtube-real_00234,0,deepfake_detector/data/frames\train\real\Youtube-real_00234,60
Celeb-synthesis_id0_id16_0007,1,deepfake_detector/data/frames\train\fake\Celeb-synthesis_id0_id16_0007,60
Celeb-synthesis_id13_id7_0015,1,deepfake_detector/data/frames\train\fake\Celeb-synthesis_id13_id7_0015,60
Celeb-synthesis_id1_id6_0004,1,deepfake_detector/data/frames\train\fake\Celeb-synthesis_id1_id6_0004,60
Celeb-synthesis_id8_id6_0003,1,deepfake_detector/data/frames\train\fake\Celeb-synthesis_id8_id6_0003,60
Celeb-synthesis_id4_id1_0004,1,deepfake_detector/data/frames\train\fake\Celeb-synthesis_id4_id1_0004,60
Celeb-synthesis_id4_id1_0001,1,deepfake_detector/data/frames\train\fake\Celeb-synthesis_id4_id1_0001,60
Celeb-synthesis_id16_id3_0007,1,deepfake_detector/data/frames\train\fake\Celeb-synthesis_id16_id3_0007,57
Youtube-real_00049,0,deepfake_detector/data/frames\train\real\Youtube-real_00049,60
Celeb-synthesis_id3_id17_0006,1,deepfake_detector/data/frames\train\fake\Celeb-synthesis_id3_id17_0006,60
Celeb-synthesis_id4_id6_0005,1,deepfake_detector/data/frames\train\fake\Celeb-synthesis_id4_id6_0005,60
Celeb-synthesis_id1_id16_0006,1,deepfake_detector/data/frames\train\fake\Celeb-synthesis_id1_id16_0006,60
Celeb-synthesis_id9_id0_0006,1,deepfake_detector/data/frames\train\fake\Celeb-synthesis_id9_id0_0006,60
Celeb-synthesis_id16_id9_0003,1,deepfake_detector/data/frames\train\fake\Celeb-synthesis_id16_id9_0003,60
Celeb-real_id0_0002,0,deepfake_detector/data/frames\train\real\Celeb-real_id0_0002,60
Celeb-synthesis_id2_id6_0007,1,deepfake_detector/data/frames\train\fake\Celeb-synthesis_id2_id6_0007,60
Youtube-real_00153,0,deepfake_detector/data/frames\train\real\Youtube-real_00153,60
Celeb-synthesis_id6_id17_0007,1,deepfake_detector/data/frames\train\fake\Celeb-synthesis_id6_id17_0007,60
Celeb-synthesis_id0_id3_0001,1,deepfake_detector/data/frames\train\fake\Celeb-synthesis_id0_id3_0001,60
Youtube-real_00134,0,deepfake_detector/data/frames\train\real\Youtube-real_00134,60
Celeb-synthesis_id8_id5_0002,1,deepfake_detector/data/frames\train\fake\Celeb-synthesis_id8_id5_0002,60
Youtube-real_00138,0,deepfake_detector/data/frames\train\real\Youtube-real_00138,60
Celeb-synthesis_id10_id12_0007,1,deepfake_detector/data/frames\train\fake\Celeb-synthesis_id10_id12_0007,60
Celeb-synthesis_id8_id5_0003,1,deepfake_detector/data/frames\train\fake\Celeb-synthesis_id8_id5_0003,60
Celeb-synthesis_id1_id9_0007,1,deepfake_detector/data/frames\train\fake\Celeb-synthesis_id1_id9_0007,60
Celeb-synthesis_id10_id13_0006,1,deepfake_detector/data/frames\train\fake\Celeb-synthesis_id10_id13_0006,21
Celeb-synthesis_id2_id6_0008,1,deepfake_detector/data/frames\train\fake\Celeb-synthesis_id2_id6_0008,60
Celeb-synthesis_id1_id2_0009,1,deepfake_detector/data/frames\train\fake\Celeb-synthesis_id1_id2_0009,60
Celeb-synthesis_id8_id6_0008,1,deepfake_detector/data/frames\train\fake\Celeb-synthesis_id8_id6_0008,60
Celeb-real_id7_0004,0,deepfake_detector/data/frames\train\real\Celeb-real_id7_0004,60
Youtube-real_00007,0,deepfake_detector/data/frames\train\real\Youtube-real_00007,60
Celeb-synthesis_id6_id3_0006,1,deepfake_detector/data/frames\train\fake\Celeb-synthesis_id6_id3_0006,59
Celeb-synthesis_id7_id11_0004,1,deepfake_detector/data/frames\train\fake\Celeb-synthesis_id7_id11_0004,60
Youtube-real_00165,0,deepfake_detector/data/frames\train\real\Youtube-real_00165,60
Celeb-synthesis_id2_id16_0001,1,deepfake_detector/data/frames\train\fake\Celeb-synthesis_id2_id16_0001,60
Celeb-synthesis_id4_id6_0009,1,deepfake_detector/data/frames\train\fake\Celeb-synthesis_id4_id6_0009,60
Celeb-synthesis_id9_id0_0005,1,deepfake_detector/data/frames\train\fake\Celeb-synthesis_id9_id0_0005,60
Celeb-synthesis_id1_id2_0005,1,deepfake_detector/data/frames\train\fake\Celeb-synthesis_id1_id2_0005,60
Celeb-synthesis_id17_id1_0003,1,deepfake_detector/data/frames\train\fake\Celeb-synthesis_id17_id1_0003,50
Celeb-synthesis_id7_id12_0004,1,deepfake_detector/data/frames\train\fake\Celeb-synthesis_id7_id12_0004,60
Youtube-real_00226,0,deepfake_detector/data/frames\train\real\Youtube-real_00226,60
Celeb-synthesis_id6_id1_0001,1,deepfake_detector/data/frames\train\fake\Celeb-synthesis_id6_id1_0001,60
Celeb-synthesis_id2_id16_0002,1,deepfake_detector/data/frames\train\fake\Celeb-synthesis_id2_id16_0002,60
Celeb-synthesis_id3_id6_0003,1,deepfake_detector/data/frames\train\fake\Celeb-synthesis_id3_id6_0003,60
Celeb-synthesis_id13_id7_0001,1,deepfake_detector/data/frames\train\fake\Celeb-synthesis_id13_id7_0001,60
Celeb-real_id1_0007,0,deepfake_detector/data/frames\train\real\Celeb-real_id1_0007,60
Celeb-synthesis_id2_id17_0007,1,deepfake_detector/data/frames\train\fake\Celeb-synthesis_id2_id17_0007,60
Celeb-synthesis_id3_id4_0006,1,deepfake_detector/data/frames\train\fake\Celeb-synthesis_id3_id4_0006,60
Celeb-synthesis_id4_id6_0008,1,deepfake_detector/data/frames\train\fake\Celeb-synthesis_id4_id6_0008,60
Celeb-synthesis_id2_id1_0006,1,deepfake_detector/data/frames\train\fake\Celeb-synthesis_id2_id1_0006,60
Celeb-synthesis_id6_id0_0007,1,deepfake_detector/data/frames\train\fake\Celeb-synthesis_id6_id0_0007,60
Celeb-synthesis_id3_id4_0005,1,deepfake_detector/data/frames\train\fake\Celeb-synthesis_id3_id4_0005,60
Celeb-synthesis_id10_id12_0008,1,deepfake_detector/data/frames\train\fake\Celeb-synthesis_id10_id12_0008,60
Celeb-synthesis_id9_id6_0007,1,deepfake_detector/data/frames\train\fake\Celeb-synthesis_id9_id6_0007,60
Youtube-real_00211,0,deepfake_detector/data/frames\train\real\Youtube-real_00211,60
Youtube-real_00042,0,deepfake_detector/data/frames\train\real\Youtube-real_00042,60
Celeb-synthesis_id6_id1_0004,1,deepfake_detector/data/frames\train\fake\Celeb-synthesis_id6_id1_0004,60
Youtube-real_00143,0,deepfake_detector/data/frames\train\real\Youtube-real_00143,60
Youtube-real_00142,0,deepfake_detector/data/frames\train\real\Youtube-real_00142,60
Celeb-real_id16_0002,0,deepfake_detector/data/frames\train\real\Celeb-real_id16_0002,60
Celeb-synthesis_id13_id10_0005,1,deepfake_detector/data/frames\train\fake\Celeb-synthesis_id13_id10_0005,60
Celeb-real_id8_0005,0,deepfake_detector/data/frames\train\real\Celeb-real_id8_0005,43
Celeb-synthesis_id8_id9_0002,1,deepfake_detector/data/frames\train\fake\Celeb-synthesis_id8_id9_0002,60
Celeb-synthesis_id2_id3_0008,1,deepfake_detector/data/frames\train\fake\Celeb-synthesis_id2_id3_0008,60
Youtube-real_00156,0,deepfake_detector/data/frames\train\real\Youtube-real_00156,60
Youtube-real_00000,0,deepfake_detector/data/frames\train\real\Youtube-real_00000,60
Celeb-synthesis_id10_id7_0008,1,deepfake_detector/data/frames\train\fake\Celeb-synthesis_id10_id7_0008,60
Celeb-synthesis_id4_id2_0005,1,deepfake_detector/data/frames\train\fake\Celeb-synthesis_id4_id2_0005,60
Celeb-synthesis_id1_id0_0003,1,deepfake_detector/data/frames\train\fake\Celeb-synthesis_id1_id0_0003,60
Celeb-synthesis_id6_id3_0009,1,deepfake_detector/data/frames\train\fake\Celeb-synthesis_id6_id3_0009,60
Youtube-real_00168,0,deepfake_detector/data/frames\train\real\Youtube-real_00168,60
Celeb-synthesis_id6_id4_0001,1,deepfake_detector/data/frames\train\fake\Celeb-synthesis_id6_id4_0001,60
Celeb-synthesis_id16_id0_0002,1,deepfake_detector/data/frames\train\fake\Celeb-synthesis_id16_id0_0002,60
Celeb-synthesis_id16_id17_0001,1,deepfake_detector/data/frames\train\fake\Celeb-synthesis_id16_id17_0001,60
Celeb-synthesis_id9_id6_0008,1,deepfake_detector/data/frames\train\fake\Celeb-synthesis_id9_id6_0008,60
Youtube-real_00117,0,deepfake_detector/data/frames\train\real\Youtube-real_00117,60
Celeb-synthesis_id2_id16_0008,1,deepfake_detector/data/frames\train\fake\Celeb-synthesis_id2_id16_0008,60
Youtube-real_00121,0,deepfake_detector/data/frames\train\real\Youtube-real_00121,60
Celeb-real_id12_0004,0,deepfake_detector/data/frames\train\real\Celeb-real_id12_0004,60
Celeb-synthesis_id2_id16_0007,1,deepfake_detector/data/frames\train\fake\Celeb-synthesis_id2_id16_0007,60
Celeb-synthesis_id13_id7_0004,1,deepfake_detector/data/frames\train\fake\Celeb-synthesis_id13_id7_0004,60
Celeb-synthesis_id10_id7_0009,1,deepfake_detector/data/frames\train\fake\Celeb-synthesis_id10_id7_0009,60
Celeb-synthesis_id9_id0_0004,1,deepfake_detector/data/frames\train\fake\Celeb-synthesis_id9_id0_0004,60
Celeb-synthesis_id16_id17_0006,1,deepfake_detector/data/frames\train\fake\Celeb-synthesis_id16_id17_0006,45
Youtube-real_00050,0,deepfake_detector/data/frames\train\real\Youtube-real_00050,60
Celeb-synthesis_id17_id2_0009,1,deepfake_detector/data/frames\train\fake\Celeb-synthesis_id17_id2_0009,60
Celeb-synthesis_id10_id11_0001,1,deepfake_detector/data/frames\train\fake\Celeb-synthesis_id10_id11_0001,21
Youtube-real_00159,0,deepfake_detector/data/frames\train\real\Youtube-real_00159,60
Celeb-synthesis_id16_id0_0001,1,deepfake_detector/data/frames\train\fake\Celeb-synthesis_id16_id0_0001,60
Celeb-synthesis_id17_id6_0003,1,deepfake_detector/data/frames\train\fake\Celeb-synthesis_id17_id6_0003,50
Celeb-synthesis_id1_id9_0001,1,deepfake_detector/data/frames\train\fake\Celeb-synthesis_id1_id9_0001,55
Celeb-synthesis_id7_id11_0007,1,deepfake_detector/data/frames\train\fake\Celeb-synthesis_id7_id11_0007,60
Youtube-real_00037,0,deepfake_detector/data/frames\train\real\Youtube-real_00037,60
Youtube-real_00092,0,deepfake_detector/data/frames\train\real\Youtube-real_00092,60
Celeb-synthesis_id3_id16_0000,1,deepfake_detector/data/frames\train\fake\Celeb-synthesis_id3_id16_0000,60
Celeb-synthesis_id6_id0_0009,1,deepfake_detector/data/frames\train\fake\Celeb-synthesis_id6_id0_0009,60
Celeb-synthesis_id1_id3_0001,1,deepfake_detector/data/frames\train\fake\Celeb-synthesis_id1_id3_0001,55
Celeb-synthesis_id6_id9_0003,1,deepfake_detector/data/frames\train\fake\Celeb-synthesis_id6_id9_0003,60
Celeb-real_id13_0006,0,deepfake_detector/data/frames\train\real\Celeb-real_id13_0006,60
Celeb-synthesis_id8_id3_0008,1,deepfake_detector/data/frames\train\fake\Celeb-synthesis_id8_id3_0008,60
Youtube-real_00195,0,deepfake_detector/data/frames\train\real\Youtube-real_00195,60
Celeb-synthesis_id2_id0_0001,1,deepfake_detector/data/frames\train\fake\Celeb-synthesis_id2_id0_0001,60
Celeb-real_id16_0012,0,deepfake_detector/data/frames\train\real\Celeb-real_id16_0012,60
Celeb-synthesis_id4_id2_0007,1,deepfake_detector/data/frames\train\fake\Celeb-synthesis_id4_id2_0007,60
Celeb-synthesis_id6_id9_0002,1,deepfake_detector/data/frames\train\fake\Celeb-synthesis_id6_id9_0002,60
Celeb-synthesis_id6_id0_0001,1,deepfake_detector/data/frames\train\fake\Celeb-synthesis_id6_id0_0001,60
Youtube-real_00091,0,deepfake_detector/data/frames\train\real\Youtube-real_00091,60
Celeb-synthesis_id0_id2_0007,1,deepfake_detector/data/frames\train\fake\Celeb-synthesis_id0_id2_0007,60
Celeb-synthesis_id0_id9_0003,1,deepfake_detector/data/frames\train\fake\Celeb-synthesis_id0_id9_0003,60
Celeb-synthesis_id3_id9_0000,1,deepfake_detector/data/frames\train\fake\Celeb-synthesis_id3_id9_0000,60
Celeb-synthesis_id7_id12_0005,1,deepfake_detector/data/frames\train\fake\Celeb-synthesis_id7_id12_0005,33
Celeb-synthesis_id4_id1_0008,1,deepfake_detector/data/frames\train\fake\Celeb-synthesis_id4_id1_0008,60
Celeb-synthesis_id3_id9_0002,1,deepfake_detector/data/frames\train\fake\Celeb-synthesis_id3_id9_0002,60
Celeb-synthesis_id9_id3_0007,1,deepfake_detector/data/frames\train\fake\Celeb-synthesis_id9_id3_0007,60
Youtube-real_00010,0,deepfake_detector/data/frames\train\real\Youtube-real_00010,60
Celeb-synthesis_id9_id1_0009,1,deepfake_detector/data/frames\train\fake\Celeb-synthesis_id9_id1_0009,60
Celeb-synthesis_id16_id9_0005,1,deepfake_detector/data/frames\train\fake\Celeb-synthesis_id16_id9_0005,60
Youtube-real_00204,0,deepfake_detector/data/frames\train\real\Youtube-real_00204,60
Celeb-real_id13_0002,0,deepfake_detector/data/frames\train\real\Celeb-real_id13_0002,60
Celeb-synthesis_id3_id0_0001,1,deepfake_detector/data/frames\train\fake\Celeb-synthesis_id3_id0_0001,60
Celeb-synthesis_id6_id0_0004,1,deepfake_detector/data/frames\train\fake\Celeb-synthesis_id6_id0_0004,60
Celeb-synthesis_id1_id2_0006,1,deepfake_detector/data/frames\train\fake\Celeb-synthesis_id1_id2_0006,60
Celeb-synthesis_id9_id3_0002,1,deepfake_detector/data/frames\train\fake\Celeb-synthesis_id9_id3_0002,60
Celeb-real_id9_0004,0,deepfake_detector/data/frames\train\real\Celeb-real_id9_0004,60
Celeb-synthesis_id9_id2_0006,1,deepfake_detector/data/frames\train\fake\Celeb-synthesis_id9_id2_0006,60
Celeb-synthesis_id10_id13_0003,1,deepfake_detector/data/frames\train\fake\Celeb-synthesis_id10_id13_0003,60
Celeb-synthesis_id17_id2_0001,1,deepfake_detector/data/frames\train\fake\Celeb-synthesis_id17_id2_0001,60
Celeb-synthesis_id9_id16_0008,1,deepfake_detector/data/frames\train\fake\Celeb-synthesis_id9_id16_0008,60
Youtube-real_00013,0,deepfake_detector/data/frames\train\real\Youtube-real_00013,60
Celeb-synthesis_id11_id7_0002,1,deepfake_detector/data/frames\train\fake\Celeb-synthesis_id11_id7_0002,60
Youtube-real_00193,0,deepfake_detector/data/frames\train\real\Youtube-real_00193,60
Celeb-synthesis_id17_id0_0005,1,deepfake_detector/data/frames\train\fake\Celeb-synthesis_id17_id0_0005,60
Celeb-real_id12_0005,0,deepfake_detector/data/frames\train\real\Celeb-real_id12_0005,60
Celeb-synthesis_id9_id16_0004,1,deepfake_detector/data/frames\train\fake\Celeb-synthesis_id9_id16_0004,60
Youtube-real_00100,0,deepfake_detector/data/frames\train\real\Youtube-real_00100,60
Celeb-synthesis_id8_id7_0007,1,deepfake_detector/data/frames\train\fake\Celeb-synthesis_id8_id7_0007,60
Celeb-synthesis_id16_id3_0012,1,deepfake_detector/data/frames\train\fake\Celeb-synthesis_id16_id3_0012,60
Celeb-synthesis_id16_id1_0002,1,deepfake_detector/data/frames\train\fake\Celeb-synthesis_id16_id1_0002,60
Celeb-synthesis_id2_id9_0009,1,deepfake_detector/data/frames\train\fake\Celeb-synthesis_id2_id9_0009,60
Celeb-real_id10_0002,0,deepfake_detector/data/frames\train\real\Celeb-real_id10_0002,60
Celeb-synthesis_id9_id16_0006,1,deepfake_detector/data/frames\train\fake\Celeb-synthesis_id9_id16_0006,60
Celeb-synthesis_id1_id9_0000,1,deepfake_detector/data/frames\train\fake\Celeb-synthesis_id1_id9_0000,60
Celeb-synthesis_id6_id2_0000,1,deepfake_detector/data/frames\train\fake\Celeb-synthesis_id6_id2_0000,60
Youtube-real_00225,0,deepfake_detector/data/frames\train\real\Youtube-real_00225,60
Youtube-real_00163,0,deepfake_detector/data/frames\train\real\Youtube-real_00163,60
Celeb-synthesis_id3_id1_0001,1,deepfake_detector/data/frames\train\fake\Celeb-synthesis_id3_id1_0001,60
Celeb-synthesis_id10_id13_0007,1,deepfake_detector/data/frames\train\fake\Celeb-synthesis_id10_id13_0007,60
Celeb-synthesis_id0_id9_0002,1,deepfake_detector/data/frames\train\fake\Celeb-synthesis_id0_id9_0002,60
Celeb-synthesis_id12_id7_0002,1,deepfake_detector/data/frames\train\fake\Celeb-synthesis_id12_id7_0002,60
Celeb-synthesis_id7_id13_0005,1,deepfake_detector/data/frames\train\fake\Celeb-synthesis_id7_id13_0005,33
Celeb-synthesis_id6_id1_0002,1,deepfake_detector/data/frames\train\fake\Celeb-synthesis_id6_id1_0002,60
Celeb-real_id2_0007,0,deepfake_detector/data/frames\train\real\Celeb-real_id2_0007,60
Youtube-real_00223,0,deepfake_detector/data/frames\train\real\Youtube-real_00223,60
Celeb-real_id11_0009,0,deepfake_detector/data/frames\train\real\Celeb-real_id11_0009,60
Celeb-synthesis_id16_id1_0001,1,deepfake_detector/data/frames\train\fake\Celeb-synthesis_id16_id1_0001,60
Celeb-synthesis_id4_id3_0004,1,deepfake_detector/data/frames\train\fake\Celeb-synthesis_id4_id3_0004,60
Celeb-real_id8_0009,0,deepfake_detector/data/frames\train\real\Celeb-real_id8_0009,60
Celeb-real_id16_0008,0,deepfake_detector/data/frames\train\real\Celeb-real_id16_0008,60
Celeb-synthesis_id7_id12_0009,1,deepfake_detector/data/frames\train\fake\Celeb-synthesis_id7_id12_0009,60
Celeb-synthesis_id9_id2_0001,1,deepfake_detector/data/frames\train\fake\Celeb-synthesis_id9_id2_0001,60
Celeb-synthesis_id12_id7_0006,1,deepfake_detector/data/frames\train\fake\Celeb-synthesis_id12_id7_0006,60
Celeb-synthesis_id10_id7_0004,1,deepfake_detector/data/frames\train\fake\Celeb-synthesis_id10_id7_0004,60
Celeb-synthesis_id17_id3_0006,1,deepfake_detector/data/frames\train\fake\Celeb-synthesis_id17_id3_0006,41
Youtube-real_00089,0,deepfake_detector/data/frames\train\real\Youtube-real_00089,60
Celeb-synthesis_id2_id4_0002,1,deepfake_detector/data/frames\train\fake\Celeb-synthesis_id2_id4_0002,60
Celeb-synthesis_id16_id1_0000,1,deepfake_detector/data/frames\train\fake\Celeb-synthesis_id16_id1_0000,60
Celeb-synthesis_id3_id6_0002,1,deepfake_detector/data/frames\train\fake\Celeb-synthesis_id3_id6_0002,60
Celeb-synthesis_id1_id3_0002,1,deepfake_detector/data/frames\train\fake\Celeb-synthesis_id1_id3_0002,60
Celeb-synthesis_id2_id9_0003,1,deepfake_detector/data/frames\train\fake\Celeb-synthesis_id2_id9_0003,60
Celeb-synthesis_id16_id2_0007,1,deepfake_detector/data/frames\train\fake\Celeb-synthesis_id16_id2_0007,57
Celeb-synthesis_id1_id6_0002,1,deepfake_detector/data/frames\train\fake\Celeb-synthesis_id1_id6_0002,60
Celeb-real_id8_0006,0,deepfake_detector/data/frames\train\real\Celeb-real_id8_0006,60
Youtube-real_00075,0,deepfake_detector/data/frames\train\real\Youtube-real_00075,60
Celeb-synthesis_id2_id16_0005,1,deepfake_detector/data/frames\train\fake\Celeb-synthesis_id2_id16_0005,60
Celeb-synthesis_id8_id6_0007,1,deepfake_detector/data/frames\train\fake\Celeb-synthesis_id8_id6_0007,60
Youtube-real_00244,0,deepfake_detector/data/frames\train\real\Youtube-real_00244,58
Celeb-synthesis_id3_id6_0005,1,deepfake_detector/data/frames\train\fake\Celeb-synthesis_id3_id6_0005,60
Celeb-real_id0_0006,0,deepfake_detector/data/frames\train\real\Celeb-real_id0_0006,60
Celeb-real_id1_0003,0,deepfake_detector/data/frames\train\real\Celeb-real_id1_0003,60
Celeb-synthesis_id16_id3_0001,1,deepfake_detector/data/frames\train\fake\Celeb-synthesis_id16_id3_0001,60
Youtube-real_00063,0,deepfake_detector/data/frames\train\real\Youtube-real_00063,60
Celeb-synthesis_id9_id4_0006,1,deepfake_detector/data/frames\train\fake\Celeb-synthesis_id9_id4_0006,60
Celeb-synthesis_id17_id2_0005,1,deepfake_detector/data/frames\train\fake\Celeb-synthesis_id17_id2_0005,60
Celeb-synthesis_id0_id2_0002,1,deepfake_detector/data/frames\train\fake\Celeb-synthesis_id0_id2_0002,60
Celeb-synthesis_id2_id4_0009,1,deepfake_detector/data/frames\train\fake\Celeb-synthesis_id2_id4_0009,60
Celeb-synthesis_id1_id3_0005,1,deepfake_detector/data/frames\train\fake\Celeb-synthesis_id1_id3_0005,60
Youtube-real_00136,0,deepfake_detector/data/frames\train\real\Youtube-real_00136,59
Celeb-synthesis_id4_id9_0001,1,deepfake_detector/data/frames\train\fake\Celeb-synthesis_id4_id9_0001,60
Celeb-synthesis_id0_id2_0006,1,deepfake_detector/data/frames\train\fake\Celeb-synthesis_id0_id2_0006,60
Celeb-synthesis_id4_id1_0007,1,deepfake_detector/data/frames\train\fake\Celeb-synthesis_id4_id1_0007,60
Celeb-synthesis_id16_id6_0001,1,deepfake_detector/data/frames\train\fake\Celeb-synthesis_id16_id6_0001,60
Youtube-real_00038,0,deepfake_detector/data/frames\train\real\Youtube-real_00038,60
Celeb-synthesis_id0_id17_0000,1,deepfake_detector/data/frames\train\fake\Celeb-synthesis_id0_id17_0000,60
Celeb-synthesis_id6_id2_0009,1,deepfake_detector/data/frames\train\fake\Celeb-synthesis_id6_id2_0009,60
Celeb-synthesis_id2_id1_0008,1,deepfake_detector/data/frames\train\fake\Celeb-synthesis_id2_id1_0008,60
Celeb-synthesis_id3_id9_0004,1,deepfake_detector/data/frames\train\fake\Celeb-synthesis_id3_id9_0004,60
Youtube-real_00202,0,deepfake_detector/data/frames\train\real\Youtube-real_00202,60
Celeb-real_id7_0003,0,deepfake_detector/data/frames\train\real\Celeb-real_id7_0003,60
Celeb-synthesis_id10_id12_0001,1,deepfake_detector/data/frames\train\fake\Celeb-synthesis_id10_id12_0001,21
Celeb-synthesis_id8_id7_0002,1,deepfake_detector/data/frames\train\fake\Celeb-synthesis_id8_id7_0002,60
Youtube-real_00026,0,deepfake_detector/data/frames\train\real\Youtube-real_00026,60
Celeb-synthesis_id16_id1_0009,1,deepfake_detector/data/frames\train\fake\Celeb-synthesis_id16_id1_0009,60
Celeb-real_id11_0005,0,deepfake_detector/data/frames\train\real\Celeb-real_id11_0005,60
Celeb-synthesis_id9_id6_0001,1,deepfake_detector/data/frames\train\fake\Celeb-synthesis_id9_id6_0001,60
Celeb-synthesis_id16_id0_0005,1,deepfake_detector/data/frames\train\fake\Celeb-synthesis_id16_id0_0005,60
Celeb-synthesis_id13_id7_0003,1,deepfake_detector/data/frames\train\fake\Celeb-synthesis_id13_id7_0003,60
Celeb-synthesis_id6_id0_0003,1,deepfake_detector/data/frames\train\fake\Celeb-synthesis_id6_id0_0003,60
Celeb-synthesis_id3_id0_0007,1,deepfake_detector/data/frames\train\fake\Celeb-synthesis_id3_id0_0007,60
Celeb-real_id16_0009,0,deepfake_detector/data/frames\train\real\Celeb-real_id16_0009,60
Celeb-synthesis_id3_id17_0000,1,deepfake_detector/data/frames\train\fake\Celeb-synthesis_id3_id17_0000,60
Celeb-synthesis_id16_id2_0001,1,deepfake_detector/data/frames\train\fake\Celeb-synthesis_id16_id2_0001,60
Youtube-real_00045,0,deepfake_detector/data/frames\train\real\Youtube-real_00045,60
Celeb-synthesis_id7_id13_0004,1,deepfake_detector/data/frames\train\fake\Celeb-synthesis_id7_id13_0004,60
Celeb-synthesis_id0_id1_0006,1,deepfake_detector/data/frames\train\fake\Celeb-synthesis_id0_id1_0006,60
Celeb-synthesis_id6_id4_0007,1,deepfake_detector/data/frames\train\fake\Celeb-synthesis_id6_id4_0007,60
Celeb-synthesis_id17_id3_0007,1,deepfake_detector/data/frames\train\fake\Celeb-synthesis_id17_id3_0007,55
Youtube-real_00218,0,deepfake_detector/data/frames\train\real\Youtube-real_00218,60
Celeb-synthesis_id16_id2_0000,1,deepfake_detector/data/frames\train\fake\Celeb-synthesis_id16_id2_0000,60
Celeb-synthesis_id0_id4_0003,1,deepfake_detector/data/frames\train\fake\Celeb-synthesis_id0_id4_0003,60
Youtube-real_00169,0,deepfake_detector/data/frames\train\real\Youtube-real_00169,60
Celeb-synthesis_id9_id17_0008,1,deepfake_detector/data/frames\train\fake\Celeb-synthesis_id9_id17_0008,60
Celeb-real_id9_0008,0,deepfake_detector/data/frames\train\real\Celeb-real_id9_0008,60
Celeb-real_id1_0000,0,deepfake_detector/data/frames\train\real\Celeb-real_id1_0000,60
Celeb-synthesis_id9_id2_0002,1,deepfake_detector/data/frames\train\fake\Celeb-synthesis_id9_id2_0002,60
Celeb-synthesis_id10_id11_0008,1,deepfake_detector/data/frames\train\fake\Celeb-synthesis_id10_id11_0008,60
Celeb-synthesis_id2_id16_0003,1,deepfake_detector/data/frames\train\fake\Celeb-synthesis_id2_id16_0003,60
Celeb-synthesis_id10_id7_0005,1,deepfake_detector/data/frames\train\fake\Celeb-synthesis_id10_id7_0005,60
Celeb-real_id4_0006,0,deepfake_detector/data/frames\train\real\Celeb-real_id4_0006,60
Celeb-synthesis_id6_id9_0004,1,deepfake_detector/data/frames\train\fake\Celeb-synthesis_id6_id9_0004,60
Celeb-real_id13_0013,0,deepfake_detector/data/frames\train\real\Celeb-real_id13_0013,60
Celeb-synthesis_id3_id1_0002,1,deepfake_detector/data/frames\train\fake\Celeb-synthesis_id3_id1_0002,60
Youtube-real_00061,0,deepfake_detector/data/frames\train\real\Youtube-real_00061,60
Celeb-synthesis_id1_id16_0004,1,deepfake_detector/data/frames\train\fake\Celeb-synthesis_id1_id16_0004,60
Celeb-synthesis_id2_id17_0006,1,deepfake_detector/data/frames\train\fake\Celeb-synthesis_id2_id17_0006,60
Celeb-real_id2_0004,0,deepfake_detector/data/frames\train\real\Celeb-real_id2_0004,60
Youtube-real_00114,0,deepfake_detector/data/frames\train\real\Youtube-real_00114,60
Celeb-synthesis_id7_id10_0007,1,deepfake_detector/data/frames\train\fake\Celeb-synthesis_id7_id10_0007,60
Celeb-synthesis_id11_id7_0001,1,deepfake_detector/data/frames\train\fake\Celeb-synthesis_id11_id7_0001,60
Youtube-real_00162,0,deepfake_detector/data/frames\train\real\Youtube-real_00162,60
Celeb-real_id1_0004,0,deepfake_detector/data/frames\train\real\Celeb-real_id1_0004,60
Youtube-real_00122,0,deepfake_detector/data/frames\train\real\Youtube-real_00122,60
Celeb-synthesis_id9_id0_0008,1,deepfake_detector/data/frames\train\fake\Celeb-synthesis_id9_id0_0008,60
Celeb-synthesis_id9_id17_0007,1,deepfake_detector/data/frames\train\fake\Celeb-synthesis_id9_id17_0007,60
Celeb-real_id16_0003,0,deepfake_detector/data/frames\train\real\Celeb-real_id16_0003,60
Youtube-real_00200,0,deepfake_detector/data/frames\train\real\Youtube-real_00200,60
Celeb-synthesis_id17_id9_0007,1,deepfake_detector/data/frames\train\fake\Celeb-synthesis_id17_id9_0007,55
Celeb-synthesis_id1_id16_0000,1,deepfake_detector/data/frames\train\fake\Celeb-synthesis_id1_id16_0000,60
Celeb-synthesis_id6_id16_0001,1,deepfake_detector/data/frames\train\fake\Celeb-synthesis_id6_id16_0001,60
Celeb-synthesis_id0_id9_0000,1,deepfake_detector/data/frames\train\fake\Celeb-synthesis_id0_id9_0000,60
Celeb-real_id17_0008,0,deepfake_detector/data/frames\train\real\Celeb-real_id17_0008,54
Celeb-synthesis_id16_id3_0000,1,deepfake_detector/data/frames\train\fake\Celeb-synthesis_id16_id3_0000,60
Celeb-synthesis_id4_id9_0003,1,deepfake_detector/data/frames\train\fake\Celeb-synthesis_id4_id9_0003,60
Youtube-real_00164,0,deepfake_detector/data/frames\train\real\Youtube-real_00164,60
Celeb-synthesis_id0_id16_0009,1,deepfake_detector/data/frames\train\fake\Celeb-synthesis_id0_id16_0009,60
Celeb-synthesis_id2_id6_0003,1,deepfake_detector/data/frames\train\fake\Celeb-synthesis_id2_id6_0003,60
Celeb-synthesis_id1_id17_0002,1,deepfake_detector/data/frames\train\fake\Celeb-synthesis_id1_id17_0002,60
Celeb-synthesis_id9_id0_0003,1,deepfake_detector/data/frames\train\fake\Celeb-synthesis_id9_id0_0003,60
Celeb-synthesis_id4_id0_0006,1,deepfake_detector/data/frames\train\fake\Celeb-synthesis_id4_id0_0006,60
Youtube-real_00113,0,deepfake_detector/data/frames\train\real\Youtube-real_00113,60
Celeb-synthesis_id8_id2_0008,1,deepfake_detector/data/frames\train\fake\Celeb-synthesis_id8_id2_0008,60
Celeb-synthesis_id4_id6_0007,1,deepfake_detector/data/frames\train\fake\Celeb-synthesis_id4_id6_0007,60
Celeb-real_id16_0005,0,deepfake_detector/data/frames\train\real\Celeb-real_id16_0005,60
Celeb-synthesis_id4_id9_0007,1,deepfake_detector/data/frames\train\fake\Celeb-synthesis_id4_id9_0007,60
Celeb-synthesis_id9_id4_0004,1,deepfake_detector/data/frames\train\fake\Celeb-synthesis_id9_id4_0004,60
Celeb-synthesis_id1_id4_0000,1,deepfake_detector/data/frames\train\fake\Celeb-synthesis_id1_id4_0000,60
Celeb-real_id3_0002,0,deepfake_detector/data/frames\train\real\Celeb-real_id3_0002,60
Celeb-real_id7_0007,0,deepfake_detector/data/frames\train\real\Celeb-real_id7_0007,60
Celeb-real_id12_0000,0,deepfake_detector/data/frames\train\real\Celeb-real_id12_0000,60
Celeb-synthesis_id17_id0_0007,1,deepfake_detector/data/frames\train\fake\Celeb-synthesis_id17_id0_0007,55
Celeb-synthesis_id17_id0_0003,1,deepfake_detector/data/frames\train\fake\Celeb-synthesis_id17_id0_0003,50
Celeb-synthesis_id16_id6_0003,1,deepfake_detector/data/frames\train\fake\Celeb-synthesis_id16_id6_0003,60
Celeb-synthesis_id3_id2_0006,1,deepfake_detector/data/frames\train\fake\Celeb-synthesis_id3_id2_0006,60
Celeb-synthesis_id10_id11_0005,1,deepfake_detector/data/frames\train\fake\Celeb-synthesis_id10_id11_0005,60
Youtube-real_00023,0,deepfake_detector/data/frames\train\real\Youtube-real_00023,60
Celeb-real_id8_0000,0,deepfake_detector/data/frames\train\real\Celeb-real_id8_0000,60
Youtube-real_00230,0,deepfake_detector/data/frames\train\real\Youtube-real_00230,60
Celeb-synthesis_id7_id11_0001,1,deepfake_detector/data/frames\train\fake\Celeb-synthesis_id7_id11_0001,59
Celeb-real_id16_0013,0,deepfake_detector/data/frames\train\real\Celeb-real_id16_0013,60
Youtube-real_00197,0,deepfake_detector/data/frames\train\real\Youtube-real_00197,60
Celeb-synthesis_id2_id17_0005,1,deepfake_detector/data/frames\train\fake\Celeb-synthesis_id2_id17_0005,60
Celeb-synthesis_id17_id9_0005,1,deepfake_detector/data/frames\train\fake\Celeb-synthesis_id17_id9_0005,60
Youtube-real_00209,0,deepfake_detector/data/frames\train\real\Youtube-real_00209,60
Youtube-real_00057,0,deepfake_detector/data/frames\train\real\Youtube-real_00057,60
Celeb-synthesis_id4_id6_0003,1,deepfake_detector/data/frames\train\fake\Celeb-synthesis_id4_id6_0003,60
Celeb-real_id4_0003,0,deepfake_detector/data/frames\train\real\Celeb-real_id4_0003,60
Celeb-synthesis_id16_id6_0012,1,deepfake_detector/data/frames\train\fake\Celeb-synthesis_id16_id6_0012,60
Celeb-synthesis_id1_id0_0004,1,deepfake_detector/data/frames\train\fake\Celeb-synthesis_id1_id0_0004,60
Celeb-synthesis_id12_id10_0004,1,deepfake_detector/data/frames\train\fake\Celeb-synthesis_id12_id10_0004,60
Youtube-real_00055,0,deepfake_detector/data/frames\train\real\Youtube-real_00055,60
Celeb-synthesis_id10_id11_0004,1,deepfake_detector/data/frames\train\fake\Celeb-synthesis_id10_id11_0004,60
Celeb-synthesis_id0_id1_0003,1,deepfake_detector/data/frames\train\fake\Celeb-synthesis_id0_id1_0003,60
Celeb-synthesis_id2_id4_0006,1,deepfake_detector/data/frames\train\fake\Celeb-synthesis_id2_id4_0006,60
Celeb-real_id9_0000,0,deepfake_detector/data/frames\train\real\Celeb-real_id9_0000,60
Celeb-synthesis_id13_id7_0007,1,deepfake_detector/data/frames\train\fake\Celeb-synthesis_id13_id7_0007,60
Celeb-synthesis_id13_id10_0007,1,deepfake_detector/data/frames\train\fake\Celeb-synthesis_id13_id10_0007,60
Celeb-synthesis_id0_id9_0007,1,deepfake_detector/data/frames\train\fake\Celeb-synthesis_id0_id9_0007,60
Celeb-synthesis_id2_id4_0001,1,deepfake_detector/data/frames\train\fake\Celeb-synthesis_id2_id4_0001,60
Celeb-synthesis_id3_id2_0003,1,deepfake_detector/data/frames\train\fake\Celeb-synthesis_id3_id2_0003,60
Celeb-synthesis_id10_id12_0002,1,deepfake_detector/data/frames\train\fake\Celeb-synthesis_id10_id12_0002,60
Celeb-synthesis_id1_id4_0003,1,deepfake_detector/data/frames\train\fake\Celeb-synthesis_id1_id4_0003,60
Celeb-synthesis_id8_id1_0003,1,deepfake_detector/data/frames\train\fake\Celeb-synthesis_id8_id1_0003,60
Celeb-synthesis_id2_id16_0004,1,deepfake_detector/data/frames\train\fake\Celeb-synthesis_id2_id16_0004,60
Celeb-real_id11_0008,0,deepfake_detector/data/frames\train\real\Celeb-real_id11_0008,60
Celeb-synthesis_id7_id13_0002,1,deepfake_detector/data/frames\train\fake\Celeb-synthesis_id7_id13_0002,54
Youtube-real_00035,0,deepfake_detector/data/frames\train\real\Youtube-real_00035,60
Celeb-synthesis_id2_id6_0002,1,deepfake_detector/data/frames\train\fake\Celeb-synthesis_id2_id6_0002,60
Celeb-synthesis_id3_id6_0004,1,deepfake_detector/data/frames\train\fake\Celeb-synthesis_id3_id6_0004,60
Youtube-real_00098,0,deepfake_detector/data/frames\train\real\Youtube-real_00098,60
Celeb-synthesis_id0_id4_0006,1,deepfake_detector/data/frames\train\fake\Celeb-synthesis_id0_id4_0006,60
Celeb-real_id1_0006,0,deepfake_detector/data/frames\train\real\Celeb-real_id1_0006,60
Celeb-synthesis_id16_id17_0011,1,deepfake_detector/data/frames\train\fake\Celeb-synthesis_id16_id17_0011,55
Celeb-synthesis_id16_id9_0002,1,deepfake_detector/data/frames\train\fake\Celeb-synthesis_id16_id9_0002,60
Celeb-synthesis_id6_id3_0001,1,deepfake_detector/data/frames\train\fake\Celeb-synthesis_id6_id3_0001,60
Celeb-synthesis_id1_id4_0006,1,deepfake_detector/data/frames\train\fake\Celeb-synthesis_id1_id4_0006,60
Celeb-synthesis_id17_id2_0004,1,deepfake_detector/data/frames\train\fake\Celeb-synthesis_id17_id2_0004,60
Youtube-real_00228,0,deepfake_detector/data/frames\train\real\Youtube-real_00228,60
Celeb-synthesis_id17_id1_0000,1,deepfake_detector/data/frames\train\fake\Celeb-synthesis_id17_id1_0000,60
Youtube-real_00019,0,deepfake_detector/data/frames\train\real\Youtube-real_00019,60
Celeb-real_id6_0006,0,deepfake_detector/data/frames\train\real\Celeb-real_id6_0006,59
Youtube-real_00141,0,deepfake_detector/data/frames\train\real\Youtube-real_00141,60
Celeb-synthesis_id6_id16_0005,1,deepfake_detector/data/frames\train\fake\Celeb-synthesis_id6_id16_0005,60
Youtube-real_00207,0,deepfake_detector/data/frames\train\real\Youtube-real_00207,26
Celeb-synthesis_id16_id1_0004,1,deepfake_detector/data/frames\train\fake\Celeb-synthesis_id16_id1_0004,60
Youtube-real_00040,0,deepfake_detector/data/frames\train\real\Youtube-real_00040,60
Celeb-synthesis_id7_id10_0002,1,deepfake_detector/data/frames\train\fake\Celeb-synthesis_id7_id10_0002,54
Celeb-real_id8_0003,0,deepfake_detector/data/frames\train\real\Celeb-real_id8_0003,60
Celeb-synthesis_id4_id0_0001,1,deepfake_detector/data/frames\train\fake\Celeb-synthesis_id4_id0_0001,60
Celeb-synthesis_id1_id16_0005,1,deepfake_detector/data/frames\train\fake\Celeb-synthesis_id1_id16_0005,60
Celeb-synthesis_id3_id6_0007,1,deepfake_detector/data/frames\train\fake\Celeb-synthesis_id3_id6_0007,60
Celeb-real_id0_0007,0,deepfake_detector/data/frames\train\real\Celeb-real_id0_0007,60
Youtube-real_00014,0,deepfake_detector/data/frames\train\real\Youtube-real_00014,60
Celeb-synthesis_id9_id2_0007,1,deepfake_detector/data/frames\train\fake\Celeb-synthesis_id9_id2_0007,60
Celeb-synthesis_id0_id2_0001,1,deepfake_detector/data/frames\train\fake\Celeb-synthesis_id0_id2_0001,60
Celeb-real_id12_0002,0,deepfake_detector/data/frames\train\real\Celeb-real_id12_0002,60
Celeb-synthesis_id9_id17_0003,1,deepfake_detector/data/frames\train\fake\Celeb-synthesis_id9_id17_0003,60
Youtube-real_00046,0,deepfake_detector/data/frames\train\real\Youtube-real_00046,60
Youtube-real_00152,0,deepfake_detector/data/frames\train\real\Youtube-real_00152,60
Celeb-synthesis_id16_id17_0005,1,deepfake_detector/data/frames\train\fake\Celeb-synthesis_id16_id17_0005,60
Youtube-real_00248,0,deepfake_detector/data/frames\train\real\Youtube-real_00248,60
Celeb-synthesis_id8_id0_0008,1,deepfake_detector/data/frames\train\fake\Celeb-synthesis_id8_id0_0008,60
Youtube-real_00158,0,deepfake_detector/data/frames\train\real\Youtube-real_00158,60
Youtube-real_00081,0,deepfake_detector/data/frames\train\real\Youtube-real_00081,60
Celeb-synthesis_id3_id9_0005,1,deepfake_detector/data/frames\train\fake\Celeb-synthesis_id3_id9_0005,60
Celeb-synthesis_id3_id16_0002,1,deepfake_detector/data/frames\train\fake\Celeb-synthesis_id3_id16_0002,60
Celeb-synthesis_id17_id3_0001,1,deepfake_detector/data/frames\train\fake\Celeb-synthesis_id17_id3_0001,60
Celeb-real_id13_0000,0,deepfake_detector/data/frames\train\real\Celeb-real_id13_0000,60
Youtube-real_00198,0,deepfake_detector/data/frames\train\real\Youtube-real_00198,60
Celeb-synthesis_id2_id3_0007,1,deepfake_detector/data/frames\train\fake\Celeb-synthesis_id2_id3_0007,60
Celeb-synthesis_id6_id2_0006,1,deepfake_detector/data/frames\train\fake\Celeb-synthesis_id6_id2_0006,59
Celeb-real_id11_0004,0,deepfake_detector/data/frames\train\real\Celeb-real_id11_0004,60
Celeb-synthesis_id3_id17_0008,1,deepfake_detector/data/frames\train\fake\Celeb-synthesis_id3_id17_0008,60
Celeb-real_id13_0001,0,deepfake_detector/data/frames\train\real\Celeb-real_id13_0001,60
Celeb-synthesis_id6_id3_0005,1,deepfake_detector/data/frames\train\fake\Celeb-synthesis_id6_id3_0005,60
Celeb-real_id3_0005,0,deepfake_detector/data/frames\train\real\Celeb-real_id3_0005,60
Celeb-synthesis_id9_id0_0000,1,deepfake_detector/data/frames\train\fake\Celeb-synthesis_id9_id0_0000,60
Celeb-synthesis_id4_id2_0009,1,deepfake_detector/data/frames\train\fake\Celeb-synthesis_id4_id2_0009,60
Celeb-real_id13_0003,0,deepfake_detector/data/frames\train\real\Celeb-real_id13_0003,60
Celeb-synthesis_id10_id11_0002,1,deepfake_detector/data/frames\train\fake\Celeb-synthesis_id10_id11_0002,60
Celeb-synthesis_id12_id7_0000,1,deepfake_detector/data/frames\train\fake\Celeb-synthesis_id12_id7_0000,60
Celeb-synthesis_id9_id4_0009,1,deepfake_detector/data/frames\train\fake\Celeb-synthesis_id9_id4_0009,60
Celeb-synthesis_id3_id0_0000,1,deepfake_detector/data/frames\train\fake\Celeb-synthesis_id3_id0_0000,60
Celeb-synthesis_id0_id3_0004,1,deepfake_detector/data/frames\train\fake\Celeb-synthesis_id0_id3_0004,60
Celeb-real_id4_0008,0,deepfake_detector/data/frames\train\real\Celeb-real_id4_0008,60
Youtube-real_00006,0,deepfake_detector/data/frames\train\real\Youtube-real_00006,60
Celeb-synthesis_id17_id0_0001,1,deepfake_detector/data/frames\train\fake\Celeb-synthesis_id17_id0_0001,60
Youtube-real_00144,0,deepfake_detector/data/frames\train\real\Youtube-real_00144,60
Celeb-synthesis_id4_id2_0001,1,deepfake_detector/data/frames\train\fake\Celeb-synthesis_id4_id2_0001,60
Celeb-real_id16_0011,0,deepfake_detector/data/frames\train\real\Celeb-real_id16_0011,55
Celeb-synthesis_id16_id6_0009,1,deepfake_detector/data/frames\train\fake\Celeb-synthesis_id16_id6_0009,60
Celeb-synthesis_id3_id2_0002,1,deepfake_detector/data/frames\train\fake\Celeb-synthesis_id3_id2_0002,60
Celeb-real_id16_0006,0,deepfake_detector/data/frames\train\real\Celeb-real_id16_0006,45
Celeb-synthesis_id9_id2_0008,1,deepfake_detector/data/frames\train\fake\Celeb-synthesis_id9_id2_0008,60
Celeb-synthesis_id6_id1_0006,1,deepfake_detector/data/frames\train\fake\Celeb-synthesis_id6_id1_0006,59
Celeb-synthesis_id2_id0_0004,1,deepfake_detector/data/frames\train\fake\Celeb-synthesis_id2_id0_0004,60
Celeb-synthesis_id3_id0_0008,1,deepfake_detector/data/frames\train\fake\Celeb-synthesis_id3_id0_0008,60
Celeb-synthesis_id0_id6_0009,1,deepfake_detector/data/frames\train\fake\Celeb-synthesis_id0_id6_0009,60
Celeb-synthesis_id4_id0_0004,1,deepfake_detector/data/frames\train\fake\Celeb-synthesis_id4_id0_0004,60
Celeb-synthesis_id6_id0_0002,1,deepfake_detector/data/frames\train\fake\Celeb-synthesis_id6_id0_0002,60
Celeb-synthesis_id10_id12_0003,1,deepfake_detector/data/frames\train\fake\Celeb-synthesis_id10_id12_0003,60
Celeb-synthesis_id1_id17_0001,1,deepfake_detector/data/frames\train\fake\Celeb-synthesis_id1_id17_0001,55
Youtube-real_00199,0,deepfake_detector/data/frames\train\real\Youtube-real_00199,60
Celeb-synthesis_id4_id2_0008,1,deepfake_detector/data/frames\train\fake\Celeb-synthesis_id4_id2_0008,60
Youtube-real_00179,0,deepfake_detector/data/frames\train\real\Youtube-real_00179,60
Celeb-synthesis_id6_id2_0004,1,deepfake_detector/data/frames\train\fake\Celeb-synthesis_id6_id2_0004,60
Celeb-synthesis_id0_id17_0009,1,deepfake_detector/data/frames\train\fake\Celeb-synthesis_id0_id17_0009,60
Celeb-synthesis_id3_id16_0003,1,deepfake_detector/data/frames\train\fake\Celeb-synthesis_id3_id16_0003,60
Youtube-real_00071,0,deepfake_detector/data/frames\train\real\Youtube-real_00071,60
Celeb-real_id10_0008,0,deepfake_detector/data/frames\train\real\Celeb-real_id10_0008,60
Youtube-real_00017,0,deepfake_detector/data/frames\train\real\Youtube-real_00017,57
Celeb-synthesis_id9_id16_0007,1,deepfake_detector/data/frames\train\fake\Celeb-synthesis_id9_id16_0007,60
Celeb-synthesis_id7_id13_0009,1,deepfake_detector/data/frames\train\fake\Celeb-synthesis_id7_id13_0009,60
Celeb-synthesis_id2_id6_0009,1,deepfake_detector/data/frames\train\fake\Celeb-synthesis_id2_id6_0009,60
Celeb-real_id7_0009,0,deepfake_detector/data/frames\train\real\Celeb-real_id7_0009,60
Celeb-synthesis_id16_id3_0002,1,deepfake_detector/data/frames\train\fake\Celeb-synthesis_id16_id3_0002,60
Celeb-synthesis_id8_id5_0007,1,deepfake_detector/data/frames\train\fake\Celeb-synthesis_id8_id5_0007,60
Celeb-synthesis_id1_id4_0001,1,deepfake_detector/data/frames\train\fake\Celeb-synthesis_id1_id4_0001,55
Celeb-synthesis_id2_id17_0001,1,deepfake_detector/data/frames\train\fake\Celeb-synthesis_id2_id17_0001,60
Celeb-real_id12_0006,0,deepfake_detector/data/frames\train\real\Celeb-real_id12_0006,60
Youtube-real_00182,0,deepfake_detector/data/frames\train\real\Youtube-real_00182,60
Celeb-synthesis_id17_id9_0006,1,deepfake_detector/data/frames\train\fake\Celeb-synthesis_id17_id9_0006,41
Celeb-synthesis_id1_id3_0006,1,deepfake_detector/data/frames\train\fake\Celeb-synthesis_id1_id3_0006,60
Celeb-synthesis_id0_id16_0000,1,deepfake_detector/data/frames\train\fake\Celeb-synthesis_id0_id16_0000,60
Celeb-synthesis_id17_id6_0007,1,deepfake_detector/data/frames\train\fake\Celeb-synthesis_id17_id6_0007,55
Celeb-synthesis_id0_id4_0004,1,deepfake_detector/data/frames\train\fake\Celeb-synthesis_id0_id4_0004,60
Celeb-real_id1_0001,0,deepfake_detector/data/frames\train\real\Celeb-real_id1_0001,56
Youtube-real_00206,0,deepfake_detector/data/frames\train\real\Youtube-real_00206,60
Celeb-real_id2_0002,0,deepfake_detector/data/frames\train\real\Celeb-real_id2_0002,60
Youtube-real_00239,0,deepfake_detector/data/frames\train\real\Youtube-real_00239,60
Youtube-real_00241,0,deepfake_detector/data/frames\train\real\Youtube-real_00241,60
Celeb-synthesis_id10_id11_0003,1,deepfake_detector/data/frames\train\fake\Celeb-synthesis_id10_id11_0003,60
Celeb-synthesis_id3_id16_0001,1,deepfake_detector/data/frames\train\fake\Celeb-synthesis_id3_id16_0001,60
Youtube-real_00028,0,deepfake_detector/data/frames\train\real\Youtube-real_00028,60
Celeb-synthesis_id17_id0_0004,1,deepfake_detector/data/frames\train\fake\Celeb-synthesis_id17_id0_0004,60
Celeb-synthesis_id0_id16_0003,1,deepfake_detector/data/frames\train\fake\Celeb-synthesis_id0_id16_0003,60
Celeb-real_id8_0007,0,deepfake_detector/data/frames\train\real\Celeb-real_id8_0007,60
Celeb-synthesis_id1_id6_0009,1,deepfake_detector/data/frames\train\fake\Celeb-synthesis_id1_id6_0009,60
Celeb-real_id9_0006,0,deepfake_detector/data/frames\train\real\Celeb-real_id9_0006,60
Celeb-real_id11_0006,0,deepfake_detector/data/frames\train\real\Celeb-real_id11_0006,60
Celeb-synthesis_id2_id9_0007,1,deepfake_detector/data/frames\train\fake\Celeb-synthesis_id2_id9_0007,60
Celeb-real_id13_0008,0,deepfake_detector/data/frames\train\real\Celeb-real_id13_0008,60
Celeb-synthesis_id1_id17_0003,1,deepfake_detector/data/frames\train\fake\Celeb-synthesis_id1_id17_0003,60
Celeb-synthesis_id3_id16_0008,1,deepfake_detector/data/frames\train\fake\Celeb-synthesis_id3_id16_0008,60
Celeb-synthesis_id17_id0_0006,1,deepfake_detector/data/frames\train\fake\Celeb-synthesis_id17_id0_0006,41
Celeb-synthesis_id6_id0_0005,1,deepfake_detector/data/frames\train\fake\Celeb-synthesis_id6_id0_0005,60
Celeb-synthesis_id17_id16_0001,1,deepfake_detector/data/frames\train\fake\Celeb-synthesis_id17_id16_0001,60
Celeb-real_id7_0000,0,deepfake_detector/data/frames\train\real\Celeb-real_id7_0000,56
Celeb-synthesis_id16_id2_0011,1,deepfake_detector/data/frames\train\fake\Celeb-synthesis_id16_id2_0011,55
Youtube-real_00176,0,deepfake_detector/data/frames\train\real\Youtube-real_00176,60
Celeb-synthesis_id7_id12_0002,1,deepfake_detector/data/frames\train\fake\Celeb-synthesis_id7_id12_0002,54
Celeb-synthesis_id16_id17_0009,1,deepfake_detector/data/frames\train\fake\Celeb-synthesis_id16_id17_0009,60
Celeb-real_id2_0009,0,deepfake_detector/data/frames\train\real\Celeb-real_id2_0009,60
Celeb-synthesis_id9_id3_0008,1,deepfake_detector/data/frames\train\fake\Celeb-synthesis_id9_id3_0008,60
Celeb-synthesis_id3_id1_0003,1,deepfake_detector/data/frames\train\fake\Celeb-synthesis_id3_id1_0003,60
Youtube-real_00238,0,deepfake_detector/data/frames\train\real\Youtube-real_00238,60
Celeb-real_id6_0000,0,deepfake_detector/data/frames\train\real\Celeb-real_id6_0000,60
Celeb-synthesis_id16_id17_0003,1,deepfake_detector/data/frames\train\fake\Celeb-synthesis_id16_id17_0003,60
Youtube-real_00224,0,deepfake_detector/data/frames\train\real\Youtube-real_00224,60
Celeb-synthesis_id1_id2_0001,1,deepfake_detector/data/frames\train\fake\Celeb-synthesis_id1_id2_0001,55
Celeb-synthesis_id16_id3_0006,1,deepfake_detector/data/frames\train\fake\Celeb-synthesis_id16_id3_0006,45
Celeb-synthesis_id9_id17_0002,1,deepfake_detector/data/frames\train\fake\Celeb-synthesis_id9_id17_0002,60
Celeb-synthesis_id17_id16_0002,1,deepfake_detector/data/frames\train\fake\Celeb-synthesis_id17_id16_0002,60
Celeb-synthesis_id9_id1_0005,1,deepfake_detector/data/frames\train\fake\Celeb-synthesis_id9_id1_0005,60
Celeb-synthesis_id8_id2_0003,1,deepfake_detector/data/frames\train\fake\Celeb-synthesis_id8_id2_0003,60
